Nombre_PDF,Drive_File_ID,URL_DRIVE_VIEW,URL_DRIVE_PREVIEW
20260421-7867-VIG-02428-21-04-2026-uesvalletulua.pdf,1lhxZ05cpDphMKZqOaW_75Q-pNhPxZYiq,https://drive.google.com/file/d/1lhxZ05cpDphMKZqOaW_75Q-pNhPxZYiq/view?usp=drive_link,https://drive.google.com/file/d/1lhxZ05cpDphMKZqOaW_75Q-pNhPxZYiq/preview
20260421-7850-VIG-02426-21-04-2026-uesvalletulua.pdf,1kumyMloIc5C42M5NDt2sOI9J5hDeZqLU,https://drive.google.com/file/d/1kumyMloIc5C42M5NDt2sOI9J5hDeZqLU/view?usp=drive_link,https://drive.google.com/file/d/1kumyMloIc5C42M5NDt2sOI9J5hDeZqLU/preview
20260421-7874-MR-0539-21-04-2026-uesvalletulua.pdf,1wIvBn1kg7Y0LTFLBXC-XlbPEz5mcnM5c,https://drive.google.com/file/d/1wIvBn1kg7Y0LTFLBXC-XlbPEz5mcnM5c/view?usp=drive_link,https://drive.google.com/file/d/1wIvBn1kg7Y0LTFLBXC-XlbPEz5mcnM5c/preview
20260421-7852-VIG-02427-21-04-2026-uesvalletulua.pdf,1eqRHQ3SyVZ17rDt3FWrP1LBSeeqbff8V,https://drive.google.com/file/d/1eqRHQ3SyVZ17rDt3FWrP1LBSeeqbff8V/view?usp=drive_link,https://drive.google.com/file/d/1eqRHQ3SyVZ17rDt3FWrP1LBSeeqbff8V/preview
20260421-7849-MR-0542-21-04-2026-uesvalletulua.pdf,10X-FMqY6pUEDiTOuo5mbrQCWxCyxCTL9,https://drive.google.com/file/d/10X-FMqY6pUEDiTOuo5mbrQCWxCyxCTL9/view?usp=drive_link,https://drive.google.com/file/d/10X-FMqY6pUEDiTOuo5mbrQCWxCyxCTL9/preview
20260421-7875-MR-0541-21-04-2026-uesvalletulua.pdf,16p229UMFHRJfC0XGD1UdcviuURbN92Ip,https://drive.google.com/file/d/16p229UMFHRJfC0XGD1UdcviuURbN92Ip/view?usp=drive_link,https://drive.google.com/file/d/16p229UMFHRJfC0XGD1UdcviuURbN92Ip/preview
20260421-7851-VIG-02429-21-04-2026-uesvalletulua.pdf,1r_52fUhumDUT_L0ltKzQvRPztfDJXX6o,https://drive.google.com/file/d/1r_52fUhumDUT_L0ltKzQvRPztfDJXX6o/view?usp=drive_link,https://drive.google.com/file/d/1r_52fUhumDUT_L0ltKzQvRPztfDJXX6o/preview
20260421-7869-MR-0540-21-04-2026-uesvalletulua.pdf,1-YbcmS6sesI980bWeM58QHkvqtM_CnkB,https://drive.google.com/file/d/1-YbcmS6sesI980bWeM58QHkvqtM_CnkB/view?usp=drive_link,https://drive.google.com/file/d/1-YbcmS6sesI980bWeM58QHkvqtM_CnkB/preview
20260421-7839-VIG-02424-21-04-2026-uesvalletulua.pdf,1BhrG9VaUVpAyOe3IKrEeQA5sp_k-cK_R,https://drive.google.com/file/d/1BhrG9VaUVpAyOe3IKrEeQA5sp_k-cK_R/view?usp=drive_link,https://drive.google.com/file/d/1BhrG9VaUVpAyOe3IKrEeQA5sp_k-cK_R/preview
20260422-7901-VIG-02399-22-04-2026-uesvalletulua.pdf,1KPshEzDfVGv-tvRjPKHqEOJCJ6gu05Dx,https://drive.google.com/file/d/1KPshEzDfVGv-tvRjPKHqEOJCJ6gu05Dx/view?usp=drive_link,https://drive.google.com/file/d/1KPshEzDfVGv-tvRjPKHqEOJCJ6gu05Dx/preview
20260422-7907-VIG-01051-22-04-2026-uesvalletulua.pdf,1jR3aUO2kZK83-GPvs9t4zcRCYB3Z8eWD,https://drive.google.com/file/d/1jR3aUO2kZK83-GPvs9t4zcRCYB3Z8eWD/view?usp=drive_link,https://drive.google.com/file/d/1jR3aUO2kZK83-GPvs9t4zcRCYB3Z8eWD/preview
20260422-7900-VIG-02350-22-04-2026-uesvalletulua.pdf,1DV4w4ZIy1knAGbLWg_XkA8Cl7gri4Je8,https://drive.google.com/file/d/1DV4w4ZIy1knAGbLWg_XkA8Cl7gri4Je8/view?usp=drive_link,https://drive.google.com/file/d/1DV4w4ZIy1knAGbLWg_XkA8Cl7gri4Je8/preview
20260422-7895-VIG-02434-22-04-2026-uesvalletulua.pdf,1CrKxexvr5jpAfxxwEe1GEf3WduPXqYEV,https://drive.google.com/file/d/1CrKxexvr5jpAfxxwEe1GEf3WduPXqYEV/view?usp=drive_link,https://drive.google.com/file/d/1CrKxexvr5jpAfxxwEe1GEf3WduPXqYEV/preview
20260422-7909-VIG-02431-22-04-2026-uesvalletulua.pdf,1MgTU7yg_e-arKCYizsURb1bigkRi-TCU,https://drive.google.com/file/d/1MgTU7yg_e-arKCYizsURb1bigkRi-TCU/view?usp=drive_link,https://drive.google.com/file/d/1MgTU7yg_e-arKCYizsURb1bigkRi-TCU/preview
20260422-7896-VIG-02432-22-04-2026-uesvalletulua.pdf,11cWsZBEvUM7b8IkaCdF5Nt9C39AJovco,https://drive.google.com/file/d/11cWsZBEvUM7b8IkaCdF5Nt9C39AJovco/view?usp=drive_link,https://drive.google.com/file/d/11cWsZBEvUM7b8IkaCdF5Nt9C39AJovco/preview
20260422-7905-VIG-02348-22-04-2026-uesvalletulua.pdf,1SQP0TegFOEZL-gEWUs1BG7k_uCuuSCcE,https://drive.google.com/file/d/1SQP0TegFOEZL-gEWUs1BG7k_uCuuSCcE/view?usp=drive_link,https://drive.google.com/file/d/1SQP0TegFOEZL-gEWUs1BG7k_uCuuSCcE/preview
20260422-7892-VIG-02433-22-04-2026-uesvalletulua.pdf,1BncGvJSxfyi0PecMaLWz-Zju_De1nMGB,https://drive.google.com/file/d/1BncGvJSxfyi0PecMaLWz-Zju_De1nMGB/view?usp=drive_link,https://drive.google.com/file/d/1BncGvJSxfyi0PecMaLWz-Zju_De1nMGB/preview
20260422-7903-VIG-02400-22-04-2026-uesvalletulua.pdf,1YahIVdqPYPub68wjxwOq1lm76dy5WFrm,https://drive.google.com/file/d/1YahIVdqPYPub68wjxwOq1lm76dy5WFrm/view?usp=drive_link,https://drive.google.com/file/d/1YahIVdqPYPub68wjxwOq1lm76dy5WFrm/preview
20260422-7897-VIG-02435-22-04-2026-uesvalletulua.pdf,1oN9vKJhW-OmmzG6mXmp2NoTWPzwpQSa9,https://drive.google.com/file/d/1oN9vKJhW-OmmzG6mXmp2NoTWPzwpQSa9/view?usp=drive_link,https://drive.google.com/file/d/1oN9vKJhW-OmmzG6mXmp2NoTWPzwpQSa9/preview
20260427-7961-VIG-02440-27-04-2026-uesvalletulua.pdf,16V52vwUxBh2mLEPi3a0ud-O2Wt0s4NuA,https://drive.google.com/file/d/16V52vwUxBh2mLEPi3a0ud-O2Wt0s4NuA/view?usp=drive_link,https://drive.google.com/file/d/16V52vwUxBh2mLEPi3a0ud-O2Wt0s4NuA/preview
20260427-7964-VIG-02436-27-04-2026-uesvalletulua.pdf,1Cg0SfD0qaL8zyGIZs3li43tG_9MBWG4g,https://drive.google.com/file/d/1Cg0SfD0qaL8zyGIZs3li43tG_9MBWG4g/view?usp=drive_link,https://drive.google.com/file/d/1Cg0SfD0qaL8zyGIZs3li43tG_9MBWG4g/preview
20260427-7965-VIG-02437-27-04-2026-uesvalletulua.pdf,1OQy0g9Np9eUqmQDXX-PFdBwcIAM87KEV,https://drive.google.com/file/d/1OQy0g9Np9eUqmQDXX-PFdBwcIAM87KEV/view?usp=drive_link,https://drive.google.com/file/d/1OQy0g9Np9eUqmQDXX-PFdBwcIAM87KEV/preview
20260427-7962-VIG-02439-27-04-2026-uesvalletulua.pdf,1XBMfMRF_uI4WNDmKZrQAZCxd_dLCImg-,https://drive.google.com/file/d/1XBMfMRF_uI4WNDmKZrQAZCxd_dLCImg-/view?usp=drive_link,https://drive.google.com/file/d/1XBMfMRF_uI4WNDmKZrQAZCxd_dLCImg-/preview
20260428-7980-VIG-01053-28-04-2026-uesvalletulua.pdf,112w3M1VFSfU4XX_Fo6ldVgELLtQeG-i4,https://drive.google.com/file/d/112w3M1VFSfU4XX_Fo6ldVgELLtQeG-i4/view?usp=drive_link,https://drive.google.com/file/d/112w3M1VFSfU4XX_Fo6ldVgELLtQeG-i4/preview
20260428-8013-VIG-01057-28-04-2026-uesvalletulua.pdf,1bo9cQSZ29U_2AaIadz3uGi2LhCPQdOaY,https://drive.google.com/file/d/1bo9cQSZ29U_2AaIadz3uGi2LhCPQdOaY/view?usp=drive_link,https://drive.google.com/file/d/1bo9cQSZ29U_2AaIadz3uGi2LhCPQdOaY/preview
20260428-8002-VIG-01056-28-04-2026-uesvalletulua.pdf,1qS2gZMzdKqMFPvWyouSuxDk4pl2Xi1rQ,https://drive.google.com/file/d/1qS2gZMzdKqMFPvWyouSuxDk4pl2Xi1rQ/view?usp=drive_link,https://drive.google.com/file/d/1qS2gZMzdKqMFPvWyouSuxDk4pl2Xi1rQ/preview
20260428-8024-MR-0543-28-04-2026-uesvalletulua.pdf,1fok3HiGGNoS9Kdj5ch41onXOpSexcDek,https://drive.google.com/file/d/1fok3HiGGNoS9Kdj5ch41onXOpSexcDek/view?usp=drive_link,https://drive.google.com/file/d/1fok3HiGGNoS9Kdj5ch41onXOpSexcDek/preview
20260428-7982-VIG-01058-28-04-2026-uesvalletulua.pdf,19IWM16ZvEZ6VvFGZig8Su4sxDyrd5-s1,https://drive.google.com/file/d/19IWM16ZvEZ6VvFGZig8Su4sxDyrd5-s1/view?usp=drive_link,https://drive.google.com/file/d/19IWM16ZvEZ6VvFGZig8Su4sxDyrd5-s1/preview
20260428-7981-VIG-01054-28-04-2026-uesvalletulua.pdf,1ebrCYOXQ9X0whJlR_RSBMBBqsD5xEFlL,https://drive.google.com/file/d/1ebrCYOXQ9X0whJlR_RSBMBBqsD5xEFlL/view?usp=drive_link,https://drive.google.com/file/d/1ebrCYOXQ9X0whJlR_RSBMBBqsD5xEFlL/preview
20260428-7986-VIG-01055-28-04-2026-uesvalletulua.pdf,14dTe7K-oTOGM0Zh4NHVYwO7VGOZ-U5Wm,https://drive.google.com/file/d/14dTe7K-oTOGM0Zh4NHVYwO7VGOZ-U5Wm/view?usp=drive_link,https://drive.google.com/file/d/14dTe7K-oTOGM0Zh4NHVYwO7VGOZ-U5Wm/preview
20260504-8080-VIG-02449-04-05-2026-uesvalletulua.pdf,1Q8Qx7Ljaosuclq1u0oXW1L32x0jsfH76,https://drive.google.com/file/d/1Q8Qx7Ljaosuclq1u0oXW1L32x0jsfH76/view?usp=drive_link,https://drive.google.com/file/d/1Q8Qx7Ljaosuclq1u0oXW1L32x0jsfH76/preview
20260504-8074-VIG-01062-04-05-2026-uesvalletulua.pdf,1frtsnMQLhLH8MQ74FM-DP2b6B-kYpAfa,https://drive.google.com/file/d/1frtsnMQLhLH8MQ74FM-DP2b6B-kYpAfa/view?usp=drive_link,https://drive.google.com/file/d/1frtsnMQLhLH8MQ74FM-DP2b6B-kYpAfa/preview
20260504-8078-VIG-01063-04-05-2026-uesvalletulua.pdf,1HTBgKTS1K_IsjPWYAweNHKT79gCTjYyC,https://drive.google.com/file/d/1HTBgKTS1K_IsjPWYAweNHKT79gCTjYyC/view?usp=drive_link,https://drive.google.com/file/d/1HTBgKTS1K_IsjPWYAweNHKT79gCTjYyC/preview
20260504-8084-VIG-02447-04-05-2026-uesvalletulua.pdf,1wpouOibM0dfel8ug94WHh-haJ8nlEV95,https://drive.google.com/file/d/1wpouOibM0dfel8ug94WHh-haJ8nlEV95/view?usp=drive_link,https://drive.google.com/file/d/1wpouOibM0dfel8ug94WHh-haJ8nlEV95/preview
20260504-8060-VIG-02441-04-05-2026-uesvalletulua.pdf,1LPN9ePdsRhgvuFIqx2WCQneDpI1XKibZ,https://drive.google.com/file/d/1LPN9ePdsRhgvuFIqx2WCQneDpI1XKibZ/view?usp=drive_link,https://drive.google.com/file/d/1LPN9ePdsRhgvuFIqx2WCQneDpI1XKibZ/preview
20260504-8077-VIG-01061-04-05-2026-uesvalletulua.pdf,1Tdq6qHgjQtCxnCY1ctcB0Z9QcVHzMT0x,https://drive.google.com/file/d/1Tdq6qHgjQtCxnCY1ctcB0Z9QcVHzMT0x/view?usp=drive_link,https://drive.google.com/file/d/1Tdq6qHgjQtCxnCY1ctcB0Z9QcVHzMT0x/preview
20260504-8085-VIG-02450-04-05-2026-uesvalletulua.pdf,1Fy5pLpP1nXWEiJC0N-Piz-Gi_2qa10Jo,https://drive.google.com/file/d/1Fy5pLpP1nXWEiJC0N-Piz-Gi_2qa10Jo/view?usp=drive_link,https://drive.google.com/file/d/1Fy5pLpP1nXWEiJC0N-Piz-Gi_2qa10Jo/preview
20260504-8075-VIG-01065-04-05-2026-uesvalletulua.pdf,1nKgeIuz0nHdrl3OmlURPt3R2q9VbK6gq,https://drive.google.com/file/d/1nKgeIuz0nHdrl3OmlURPt3R2q9VbK6gq/view?usp=drive_link,https://drive.google.com/file/d/1nKgeIuz0nHdrl3OmlURPt3R2q9VbK6gq/preview
20260504-8083-VIG-02445-04-05-2026-uesvalletulua.pdf,1GsER9o2vbK8iGprwybn-AH-vfiL96lmA,https://drive.google.com/file/d/1GsER9o2vbK8iGprwybn-AH-vfiL96lmA/view?usp=drive_link,https://drive.google.com/file/d/1GsER9o2vbK8iGprwybn-AH-vfiL96lmA/preview
20260504-8059-VIG-02444-04-05-2026-uesvalletulua.pdf,1JCh-H5auyo2I2orai6mXurveg3Rvning,https://drive.google.com/file/d/1JCh-H5auyo2I2orai6mXurveg3Rvning/view?usp=drive_link,https://drive.google.com/file/d/1JCh-H5auyo2I2orai6mXurveg3Rvning/preview
20260504-8058-VIG-02446-04-05-2026-uesvalletulua.pdf,1vad8RIELpegzsz-DbPJeFzEn0iiNTj7_,https://drive.google.com/file/d/1vad8RIELpegzsz-DbPJeFzEn0iiNTj7_/view?usp=drive_link,https://drive.google.com/file/d/1vad8RIELpegzsz-DbPJeFzEn0iiNTj7_/preview
20260504-8061-VIG-02442-04-05-2026-uesvalletulua.pdf,1mUYBzV5lkSv5xWmFw8F21Hdus8BXcg9S,https://drive.google.com/file/d/1mUYBzV5lkSv5xWmFw8F21Hdus8BXcg9S/view?usp=drive_link,https://drive.google.com/file/d/1mUYBzV5lkSv5xWmFw8F21Hdus8BXcg9S/preview
20260504-8072-VIG-01060-04-05-2026-uesvalletulua.pdf,1zhzOLtpfetwwyQfq6c0-QLtlu4wXIBNq,https://drive.google.com/file/d/1zhzOLtpfetwwyQfq6c0-QLtlu4wXIBNq/view?usp=drive_link,https://drive.google.com/file/d/1zhzOLtpfetwwyQfq6c0-QLtlu4wXIBNq/preview
20260504-8065-VIG-02443-04-05-2026-uesvalletulua.pdf,1mjBfz731llq8Bd-9KLXnwykpEBMDu60j,https://drive.google.com/file/d/1mjBfz731llq8Bd-9KLXnwykpEBMDu60j/view?usp=drive_link,https://drive.google.com/file/d/1mjBfz731llq8Bd-9KLXnwykpEBMDu60j/preview
20260505-8121-VIG-01068-05-05-2026-uesvalletulua.pdf,1Vzz4usArksdvoQRVmYNbwLOm9YTvx07T,https://drive.google.com/file/d/1Vzz4usArksdvoQRVmYNbwLOm9YTvx07T/view?usp=drive_link,https://drive.google.com/file/d/1Vzz4usArksdvoQRVmYNbwLOm9YTvx07T/preview
20260505-8127-VIG-02551-05-05-2026-uesvalletulua.pdf,1kkE1MJHu6xh57u4WWR9v6PgNxYARsilN,https://drive.google.com/file/d/1kkE1MJHu6xh57u4WWR9v6PgNxYARsilN/view?usp=drive_link,https://drive.google.com/file/d/1kkE1MJHu6xh57u4WWR9v6PgNxYARsilN/preview
20260505-8128-VIG-02555-05-05-2026-uesvalletulua.pdf,1iBtc0HA-Ceuo5ZKF40CVqgndfEQtpqKG,https://drive.google.com/file/d/1iBtc0HA-Ceuo5ZKF40CVqgndfEQtpqKG/view?usp=drive_link,https://drive.google.com/file/d/1iBtc0HA-Ceuo5ZKF40CVqgndfEQtpqKG/preview
20260505-8152-VIG-02557-05-05-2026-uesvalletulua.pdf,1vg6rxY68H8CFki6S06Y_Xli4KfvVktEk,https://drive.google.com/file/d/1vg6rxY68H8CFki6S06Y_Xli4KfvVktEk/view?usp=drive_link,https://drive.google.com/file/d/1vg6rxY68H8CFki6S06Y_Xli4KfvVktEk/preview
20260505-8125-VIG-01067-05-05-2026-uesvalletulua.pdf,1sSSYwy6mqyw_bdF3r0vpcp26ZMO3nWQj,https://drive.google.com/file/d/1sSSYwy6mqyw_bdF3r0vpcp26ZMO3nWQj/view?usp=drive_link,https://drive.google.com/file/d/1sSSYwy6mqyw_bdF3r0vpcp26ZMO3nWQj/preview
20260505-8124-VIG-02554-05-05-2026-uesvalletulua.pdf,1X2cL5J9X7sLpJP6ATXUgURh-J56m5gnt,https://drive.google.com/file/d/1X2cL5J9X7sLpJP6ATXUgURh-J56m5gnt/view?usp=drive_link,https://drive.google.com/file/d/1X2cL5J9X7sLpJP6ATXUgURh-J56m5gnt/preview
20260505-8119-VIG-02552-05-05-2026-uesvalletulua.pdf,1ZZkSAoBFfPms2aZCKPbclV0-loeZGThu,https://drive.google.com/file/d/1ZZkSAoBFfPms2aZCKPbclV0-loeZGThu/view?usp=drive_link,https://drive.google.com/file/d/1ZZkSAoBFfPms2aZCKPbclV0-loeZGThu/preview
20260505-8122-VIG-01069-05-05-2026-uesvalletulua.pdf,1gjZ9zdRjNU388aVA-xUc0z8Hc_0_SAHo,https://drive.google.com/file/d/1gjZ9zdRjNU388aVA-xUc0z8Hc_0_SAHo/view?usp=drive_link,https://drive.google.com/file/d/1gjZ9zdRjNU388aVA-xUc0z8Hc_0_SAHo/preview
20260505-8157-VIG-01070-05-05-2026-uesvalletulua.pdf,1gkins_msxiW4Qi62ZbGG6DXm6iU2Gt-f,https://drive.google.com/file/d/1gkins_msxiW4Qi62ZbGG6DXm6iU2Gt-f/view?usp=drive_link,https://drive.google.com/file/d/1gkins_msxiW4Qi62ZbGG6DXm6iU2Gt-f/preview
20260505-8123-VIG-02553-05-05-2026-uesvalletulua.pdf,1if_9sKNFV-XYrPaKeFrk4hGPgHqN67fx,https://drive.google.com/file/d/1if_9sKNFV-XYrPaKeFrk4hGPgHqN67fx/view?usp=drive_link,https://drive.google.com/file/d/1if_9sKNFV-XYrPaKeFrk4hGPgHqN67fx/preview
20260505-8154-VIG-01071-05-05-2026-uesvalletulua.pdf,16CMVTMA8bIJDvM1o3wNFGtKWY4zqwUef,https://drive.google.com/file/d/16CMVTMA8bIJDvM1o3wNFGtKWY4zqwUef/view?usp=drive_link,https://drive.google.com/file/d/16CMVTMA8bIJDvM1o3wNFGtKWY4zqwUef/preview
20260505-8147-VIG-02556-05-05-2026-uesvalletulua.pdf,1uTGWRs5Ge5FHsoDyIIlLvSawohgVnDBT,https://drive.google.com/file/d/1uTGWRs5Ge5FHsoDyIIlLvSawohgVnDBT/view?usp=drive_link,https://drive.google.com/file/d/1uTGWRs5Ge5FHsoDyIIlLvSawohgVnDBT/preview
20260506-8179-VIG-02562-06-05-2026-uesvalletulua.pdf,1iaTUrIenF36i8ECUH336DvXzDg2NGJtu,https://drive.google.com/file/d/1iaTUrIenF36i8ECUH336DvXzDg2NGJtu/view?usp=drive_link,https://drive.google.com/file/d/1iaTUrIenF36i8ECUH336DvXzDg2NGJtu/preview
20260506-8181-VIG-02563-06-05-2026-uesvalletulua.pdf,1LXsdr-3hkobVsLHedk-sNExBxxlhuVdC,https://drive.google.com/file/d/1LXsdr-3hkobVsLHedk-sNExBxxlhuVdC/view?usp=drive_link,https://drive.google.com/file/d/1LXsdr-3hkobVsLHedk-sNExBxxlhuVdC/preview
20260506-8185-VIG-02561-06-05-2026-uesvalletulua.pdf,1ZsLZr5nOapoJn8i00_N38Zsj_g66OKpF,https://drive.google.com/file/d/1ZsLZr5nOapoJn8i00_N38Zsj_g66OKpF/view?usp=drive_link,https://drive.google.com/file/d/1ZsLZr5nOapoJn8i00_N38Zsj_g66OKpF/preview
20260506-8180-VIG-02558-06-05-2026-uesvalletulua.pdf,1-4XxE1nsiPNJKma6uwsJRuMx5jagfr9v,https://drive.google.com/file/d/1-4XxE1nsiPNJKma6uwsJRuMx5jagfr9v/view?usp=drive_link,https://drive.google.com/file/d/1-4XxE1nsiPNJKma6uwsJRuMx5jagfr9v/preview
20260506-8183-VIG-02559-06-05-2026-uesvalletulua.pdf,1RmmL1dyR097trhOCIhcPLDuVXgx9qraz,https://drive.google.com/file/d/1RmmL1dyR097trhOCIhcPLDuVXgx9qraz/view?usp=drive_link,https://drive.google.com/file/d/1RmmL1dyR097trhOCIhcPLDuVXgx9qraz/preview
20260506-8186-VIG-02560-06-05-2026-uesvalletulua.pdf,1RsJk6WoiVsKnOYHmhYN711I5Swt7ABNj,https://drive.google.com/file/d/1RsJk6WoiVsKnOYHmhYN711I5Swt7ABNj/view?usp=drive_link,https://drive.google.com/file/d/1RsJk6WoiVsKnOYHmhYN711I5Swt7ABNj/preview
20260511-8221-VIG-02571-11-05-2026-uesvalletulua.pdf,1OLNGVtp_oXBqL5FQ7Vc-3yJg2KaAwGhc,https://drive.google.com/file/d/1OLNGVtp_oXBqL5FQ7Vc-3yJg2KaAwGhc/view?usp=drive_link,https://drive.google.com/file/d/1OLNGVtp_oXBqL5FQ7Vc-3yJg2KaAwGhc/preview
20260511-8233-VIG-02567-11-05-2026-uesvalletulua.pdf,18t2PwYL-1pq9c0ivKK_SlqZVS6Dc5YjC,https://drive.google.com/file/d/18t2PwYL-1pq9c0ivKK_SlqZVS6Dc5YjC/view?usp=drive_link,https://drive.google.com/file/d/18t2PwYL-1pq9c0ivKK_SlqZVS6Dc5YjC/preview
20260511-8224-VIG-02565-11-05-2026-uesvalletulua.pdf,1kB3XI1OztCudOmtTKY-1pqL1MC84Ia6F,https://drive.google.com/file/d/1kB3XI1OztCudOmtTKY-1pqL1MC84Ia6F/view?usp=drive_link,https://drive.google.com/file/d/1kB3XI1OztCudOmtTKY-1pqL1MC84Ia6F/preview
20260511-8219-VIG-02564-11-05-2026-uesvalletulua.pdf,1DF1Axdn5jkheTPOZOFzs5T_hRNGeLHt4,https://drive.google.com/file/d/1DF1Axdn5jkheTPOZOFzs5T_hRNGeLHt4/view?usp=drive_link,https://drive.google.com/file/d/1DF1Axdn5jkheTPOZOFzs5T_hRNGeLHt4/preview
20260511-8238-VIG-02566-11-05-2026-uesvalletulua.pdf,1J3Q3fEQ7-ncCbwOdbI2aBrqp2AlnZgAy,https://drive.google.com/file/d/1J3Q3fEQ7-ncCbwOdbI2aBrqp2AlnZgAy/view?usp=drive_link,https://drive.google.com/file/d/1J3Q3fEQ7-ncCbwOdbI2aBrqp2AlnZgAy/preview
20260512-8297-VIG-01075-12-05-2026-uesvalletulua.pdf,1R6RQB4WkNNsGKCG2f1JF4KXH-tRy9kxz,https://drive.google.com/file/d/1R6RQB4WkNNsGKCG2f1JF4KXH-tRy9kxz/view?usp=drive_link,https://drive.google.com/file/d/1R6RQB4WkNNsGKCG2f1JF4KXH-tRy9kxz/preview
20260512-8303-VIG-02572-12-05-2026-uesvalletulua.pdf,1PTUJSDLf47oQH6dIGWQuvLq8wV6_yD1h,https://drive.google.com/file/d/1PTUJSDLf47oQH6dIGWQuvLq8wV6_yD1h/view?usp=drive_link,https://drive.google.com/file/d/1PTUJSDLf47oQH6dIGWQuvLq8wV6_yD1h/preview
20260512-8299-VIG-01074-12-05-2026-uesvalletulua.pdf,1kS9T-qx34GalnFoSokJketub7WUhyTpX,https://drive.google.com/file/d/1kS9T-qx34GalnFoSokJketub7WUhyTpX/view?usp=drive_link,https://drive.google.com/file/d/1kS9T-qx34GalnFoSokJketub7WUhyTpX/preview
20260512-8298-VIG-01073-12-05-2026-uesvalletulua.pdf,1djt-XZdqzssYz9LZ1OmE-GshvQsJp6fH,https://drive.google.com/file/d/1djt-XZdqzssYz9LZ1OmE-GshvQsJp6fH/view?usp=drive_link,https://drive.google.com/file/d/1djt-XZdqzssYz9LZ1OmE-GshvQsJp6fH/preview
20260512-8296-VIG-01072-12-05-2026-uesvalletulua.pdf,1B3KMAu5m7aXOsKqk2Ojr6WTGs8SEwmkU,https://drive.google.com/file/d/1B3KMAu5m7aXOsKqk2Ojr6WTGs8SEwmkU/view?usp=drive_link,https://drive.google.com/file/d/1B3KMAu5m7aXOsKqk2Ojr6WTGs8SEwmkU/preview
20260512-8309-VIG-02575-12-05-2026-uesvalletulua.pdf,130bmB8r4qEj1Oa7TFzocOjwlnCQ6O8ZG,https://drive.google.com/file/d/130bmB8r4qEj1Oa7TFzocOjwlnCQ6O8ZG/view?usp=drive_link,https://drive.google.com/file/d/130bmB8r4qEj1Oa7TFzocOjwlnCQ6O8ZG/preview
20260512-8302-VIG-02574-12-05-2026-uesvalletulua.pdf,134sQ29_9zHVm_36njIazO9Gt-ucyVIIu,https://drive.google.com/file/d/134sQ29_9zHVm_36njIazO9Gt-ucyVIIu/view?usp=drive_link,https://drive.google.com/file/d/134sQ29_9zHVm_36njIazO9Gt-ucyVIIu/preview
20260512-8305-VIG-02573-12-05-2026-uesvalletulua.pdf,1tmsPxTtn1_0qDfIY0U1NQu9MTfrAGSwY,https://drive.google.com/file/d/1tmsPxTtn1_0qDfIY0U1NQu9MTfrAGSwY/view?usp=drive_link,https://drive.google.com/file/d/1tmsPxTtn1_0qDfIY0U1NQu9MTfrAGSwY/preview
20260512-8300-VIG-01076-12-05-2026-uesvalletulua.pdf,1okhO6shYNR0wEtG-wY7yS7b0WeL-q4cw,https://drive.google.com/file/d/1okhO6shYNR0wEtG-wY7yS7b0WeL-q4cw/view?usp=drive_link,https://drive.google.com/file/d/1okhO6shYNR0wEtG-wY7yS7b0WeL-q4cw/preview
20260512-8304-VIG-02576-12-05-2026-uesvalletulua.pdf,14f_vNEY4GmKeLJ5nKhtpVGGkzv8R9rLE,https://drive.google.com/file/d/14f_vNEY4GmKeLJ5nKhtpVGGkzv8R9rLE/view?usp=drive_link,https://drive.google.com/file/d/14f_vNEY4GmKeLJ5nKhtpVGGkzv8R9rLE/preview
20260513-8324-VIG-02581-13-05-2026-uesvalletulua.pdf,1BW_rWbAuHQZU2rTMLeHTRfSdkX9Hw4C4,https://drive.google.com/file/d/1BW_rWbAuHQZU2rTMLeHTRfSdkX9Hw4C4/view?usp=drive_link,https://drive.google.com/file/d/1BW_rWbAuHQZU2rTMLeHTRfSdkX9Hw4C4/preview
20260513-8327-VIG-02580-13-05-2026-uesvalletulua.pdf,194qlA6svmfndWps4CY7-hgWh3qpM1yW_,https://drive.google.com/file/d/194qlA6svmfndWps4CY7-hgWh3qpM1yW_/view?usp=drive_link,https://drive.google.com/file/d/194qlA6svmfndWps4CY7-hgWh3qpM1yW_/preview
20260513-8313-VIG-01077-13-05-2026-uesvalletulua.pdf,10Qe9Dq61HceeKEkW3TvcDDxIbZgB91p5,https://drive.google.com/file/d/10Qe9Dq61HceeKEkW3TvcDDxIbZgB91p5/view?usp=drive_link,https://drive.google.com/file/d/10Qe9Dq61HceeKEkW3TvcDDxIbZgB91p5/preview
20260513-8322-VIG-02579-13-05-2026-uesvalletulua.pdf,1X1zyD5omkRVLOeJzEMOdHVymd3aR6e2_,https://drive.google.com/file/d/1X1zyD5omkRVLOeJzEMOdHVymd3aR6e2_/view?usp=drive_link,https://drive.google.com/file/d/1X1zyD5omkRVLOeJzEMOdHVymd3aR6e2_/preview
20260513-8320-VIG-02577-13-05-2026-uesvalletulua.pdf,1Crpre73Uo3jZBLpTdc62GxCOs2WYPKjg,https://drive.google.com/file/d/1Crpre73Uo3jZBLpTdc62GxCOs2WYPKjg/view?usp=drive_link,https://drive.google.com/file/d/1Crpre73Uo3jZBLpTdc62GxCOs2WYPKjg/preview
20260513-8321-VIG-01080-13-05-2026-uesvalletulua.pdf,19D9SNZawYCorppAJS1pEctM5RX-xF5E5,https://drive.google.com/file/d/19D9SNZawYCorppAJS1pEctM5RX-xF5E5/view?usp=drive_link,https://drive.google.com/file/d/19D9SNZawYCorppAJS1pEctM5RX-xF5E5/preview
20260513-8323-VIG-02578-13-05-2026-uesvalletulua.pdf,1IecLhRzGckSxMbBryEEmMEJWBj77auPT,https://drive.google.com/file/d/1IecLhRzGckSxMbBryEEmMEJWBj77auPT/view?usp=drive_link,https://drive.google.com/file/d/1IecLhRzGckSxMbBryEEmMEJWBj77auPT/preview
20260513-8318-VIG-01081-13-05-2026-uesvalletulua.pdf,1GzcfOYlcW4LHnYC09zEkMUNm015ZyDwn,https://drive.google.com/file/d/1GzcfOYlcW4LHnYC09zEkMUNm015ZyDwn/view?usp=drive_link,https://drive.google.com/file/d/1GzcfOYlcW4LHnYC09zEkMUNm015ZyDwn/preview
20260119-6085-VIG-OAR190126-005-19-01-2026-uesvallecartago.pdf,1dcQY7oOM6LOTr6yb-T4kFk-PTZ-ubwp9,https://drive.google.com/file/d/1dcQY7oOM6LOTr6yb-T4kFk-PTZ-ubwp9/view?usp=drive_link,https://drive.google.com/file/d/1dcQY7oOM6LOTr6yb-T4kFk-PTZ-ubwp9/preview
20260119-6086-VIG-OAR190126-004-19-01-2026-uesvallecartago.pdf,1lDiS8UfsDJYzds-LCn96pwsa-peZoo3i,https://drive.google.com/file/d/1lDiS8UfsDJYzds-LCn96pwsa-peZoo3i/view?usp=drive_link,https://drive.google.com/file/d/1lDiS8UfsDJYzds-LCn96pwsa-peZoo3i/preview
20260119-6106-VIG-OAR190126-008-19-01-2026-uesvallecartago.pdf,1HKv_M4TM9yVTlKA9Kec78gXFTZUTL7sq,https://drive.google.com/file/d/1HKv_M4TM9yVTlKA9Kec78gXFTZUTL7sq/view?usp=drive_link,https://drive.google.com/file/d/1HKv_M4TM9yVTlKA9Kec78gXFTZUTL7sq/preview
20260119-6078-VIG-OAR190126-001-19-01-2026-uesvallecartago.pdf,1dVW-jsVzTO1shLAT7ivdJmP-xvNFrRbv,https://drive.google.com/file/d/1dVW-jsVzTO1shLAT7ivdJmP-xvNFrRbv/view?usp=drive_link,https://drive.google.com/file/d/1dVW-jsVzTO1shLAT7ivdJmP-xvNFrRbv/preview
20260119-6082-VIG-OAR190126-006-19-01-2026-uesvallecartago.pdf,1UO8AmUrgLXcCo1oq0BtpjcAkCZ3VZ5-e,https://drive.google.com/file/d/1UO8AmUrgLXcCo1oq0BtpjcAkCZ3VZ5-e/view?usp=drive_link,https://drive.google.com/file/d/1UO8AmUrgLXcCo1oq0BtpjcAkCZ3VZ5-e/preview
20260119-6091-VIG-OAR190126-007-19-01-2026-uesvallecartago.pdf,1LwmitvIJdO3w3FgSwLH5c3SwUFy6luEH,https://drive.google.com/file/d/1LwmitvIJdO3w3FgSwLH5c3SwUFy6luEH/view?usp=drive_link,https://drive.google.com/file/d/1LwmitvIJdO3w3FgSwLH5c3SwUFy6luEH/preview
20260119-6080-VIG-OAR190126-002-19-01-2026-uesvallecartago.pdf,1X3kMhq4otXeka1RHbRRgfP5JWp1jjbFh,https://drive.google.com/file/d/1X3kMhq4otXeka1RHbRRgfP5JWp1jjbFh/view?usp=drive_link,https://drive.google.com/file/d/1X3kMhq4otXeka1RHbRRgfP5JWp1jjbFh/preview
20260119-6089-VIG-OAR190126-003-19-01-2026-uesvallecartago.pdf,1luO3nozLKYF4uDHspfRGF0rym848I2Q9,https://drive.google.com/file/d/1luO3nozLKYF4uDHspfRGF0rym848I2Q9/view?usp=drive_link,https://drive.google.com/file/d/1luO3nozLKYF4uDHspfRGF0rym848I2Q9/preview
20260120-6126-VIG-CMAA200126-5-20-01-2026-uesvallecartago.pdf,1thxFtOylT7zust0Gb5HoG3Hz5IA0RL6X,https://drive.google.com/file/d/1thxFtOylT7zust0Gb5HoG3Hz5IA0RL6X/view?usp=drive_link,https://drive.google.com/file/d/1thxFtOylT7zust0Gb5HoG3Hz5IA0RL6X/preview
20260120-6120-VIG-OAR200126-003-20-01-2026-uesvallecartago.pdf,1JAYH8yUPwkfH7dn3hucTodUKIn_-jQ5h,https://drive.google.com/file/d/1JAYH8yUPwkfH7dn3hucTodUKIn_-jQ5h/view?usp=drive_link,https://drive.google.com/file/d/1JAYH8yUPwkfH7dn3hucTodUKIn_-jQ5h/preview
20260120-6119-VIG-OAR200126-002-20-01-2026-uesvallecartago.pdf,1aVXFMMjKwBsUmef-Wk7IgazxNOQKwUvP,https://drive.google.com/file/d/1aVXFMMjKwBsUmef-Wk7IgazxNOQKwUvP/view?usp=drive_link,https://drive.google.com/file/d/1aVXFMMjKwBsUmef-Wk7IgazxNOQKwUvP/preview
20260120-6122-VIG-OAR200126-001-20-01-2026-uesvallecartago.pdf,1Ms0I-7C2_eTKXDORTtymmrOUOpGTb7c7,https://drive.google.com/file/d/1Ms0I-7C2_eTKXDORTtymmrOUOpGTb7c7/view?usp=drive_link,https://drive.google.com/file/d/1Ms0I-7C2_eTKXDORTtymmrOUOpGTb7c7/preview
20260120-6123-VIG-cmaa200126-1-20-01-2026-uesvallecartago.pdf,1ZD7V_5gjRz6OOwLrC4qk8JsHBXrhsHYM,https://drive.google.com/file/d/1ZD7V_5gjRz6OOwLrC4qk8JsHBXrhsHYM/view?usp=drive_link,https://drive.google.com/file/d/1ZD7V_5gjRz6OOwLrC4qk8JsHBXrhsHYM/preview
20260120-6124-VIG-CMAA200126-2-20-01-2026-uesvallecartago.pdf,14reh62K5EC1rePzJThv8Hvv7oxhCb4qN,https://drive.google.com/file/d/14reh62K5EC1rePzJThv8Hvv7oxhCb4qN/view?usp=drive_link,https://drive.google.com/file/d/14reh62K5EC1rePzJThv8Hvv7oxhCb4qN/preview
20260120-6130-VIG-OAR200126-007-20-01-2026-uesvallecartago.pdf,1I9erw5jhvETTfmkUqW0RSlHXbwHmSnsT,https://drive.google.com/file/d/1I9erw5jhvETTfmkUqW0RSlHXbwHmSnsT/view?usp=drive_link,https://drive.google.com/file/d/1I9erw5jhvETTfmkUqW0RSlHXbwHmSnsT/preview
20260120-6121-VIG-OAR200126-004-20-01-2026-uesvallecartago.pdf,16Ie-dSOIIokHjDOqg70duGNXjq4XocPC,https://drive.google.com/file/d/16Ie-dSOIIokHjDOqg70duGNXjq4XocPC/view?usp=drive_link,https://drive.google.com/file/d/16Ie-dSOIIokHjDOqg70duGNXjq4XocPC/preview
20260120-6127-VIG-CMAA200126-4-20-01-2026-uesvallecartago.pdf,1ZsXUZaTna65O1GOFyPK8JByqHab7yQKP,https://drive.google.com/file/d/1ZsXUZaTna65O1GOFyPK8JByqHab7yQKP/view?usp=drive_link,https://drive.google.com/file/d/1ZsXUZaTna65O1GOFyPK8JByqHab7yQKP/preview
20260120-6125-VIG-OAR200126-005-20-01-2026-uesvallecartago.pdf,1_6qt67ajnTlHpCUc2j4HNHcWlgnZbjT-,https://drive.google.com/file/d/1_6qt67ajnTlHpCUc2j4HNHcWlgnZbjT-/view?usp=drive_link,https://drive.google.com/file/d/1_6qt67ajnTlHpCUc2j4HNHcWlgnZbjT-/preview
20260120-6128-VIG-CMAA200126-3-20-01-2026-uesvallecartago.pdf,1_sHFPYzwMDHrkRZKrTYZs6xFUFS_4B-Z,https://drive.google.com/file/d/1_sHFPYzwMDHrkRZKrTYZs6xFUFS_4B-Z/view?usp=drive_link,https://drive.google.com/file/d/1_sHFPYzwMDHrkRZKrTYZs6xFUFS_4B-Z/preview
20260120-6129-VIG-OAR200126-006-20-01-2026-uesvallecartago.pdf,1iXwrnm-JlAaJgXcoWLiegqRN1I76zQ6s,https://drive.google.com/file/d/1iXwrnm-JlAaJgXcoWLiegqRN1I76zQ6s/view?usp=drive_link,https://drive.google.com/file/d/1iXwrnm-JlAaJgXcoWLiegqRN1I76zQ6s/preview
20260126-6253-VIG-OAR260126-003-26-01-2026-uesvallecartago.pdf,1vtNXCWUMDTXCxspWNrbOWtWZY2YVF6Xq,https://drive.google.com/file/d/1vtNXCWUMDTXCxspWNrbOWtWZY2YVF6Xq/view?usp=drive_link,https://drive.google.com/file/d/1vtNXCWUMDTXCxspWNrbOWtWZY2YVF6Xq/preview
20260126-6226-VIG-OAR260126-001-26-01-2026-uesvallecartago.pdf,1pfgpSU0L6_KtcyVcGVCmf5mluwXpsR8D,https://drive.google.com/file/d/1pfgpSU0L6_KtcyVcGVCmf5mluwXpsR8D/view?usp=drive_link,https://drive.google.com/file/d/1pfgpSU0L6_KtcyVcGVCmf5mluwXpsR8D/preview
20260126-6243-VIG-LVC26012026-2-26-01-2026-uesvallecartago.pdf,1a2qzrs66ueeeodtFVUFZN6LhFaF2yTsD,https://drive.google.com/file/d/1a2qzrs66ueeeodtFVUFZN6LhFaF2yTsD/view?usp=drive_link,https://drive.google.com/file/d/1a2qzrs66ueeeodtFVUFZN6LhFaF2yTsD/preview
20260126-6227-VIG-OAR260126-002-26-01-2026-uesvallecartago.pdf,1NmgFksp7TqsZ1szNeZTz4lZb3Xh5Fx6N,https://drive.google.com/file/d/1NmgFksp7TqsZ1szNeZTz4lZb3Xh5Fx6N/view?usp=drive_link,https://drive.google.com/file/d/1NmgFksp7TqsZ1szNeZTz4lZb3Xh5Fx6N/preview
20260126-6252-VIG-LVC26012026-4-26-01-2026-uesvallecartago.pdf,199z92S15FWkutkVB-ayE8aue0qu61Lcc,https://drive.google.com/file/d/199z92S15FWkutkVB-ayE8aue0qu61Lcc/view?usp=drive_link,https://drive.google.com/file/d/199z92S15FWkutkVB-ayE8aue0qu61Lcc/preview
20260126-6248-VIG-LVC26012026-3-26-01-2026-uesvallecartago.pdf,1aFd21Jz2qIGgI8yYcNEGzQiGK0ex_F6v,https://drive.google.com/file/d/1aFd21Jz2qIGgI8yYcNEGzQiGK0ex_F6v/view?usp=drive_link,https://drive.google.com/file/d/1aFd21Jz2qIGgI8yYcNEGzQiGK0ex_F6v/preview
20260126-6229-VIG-lvc26012026-1-26-01-2026-uesvallecartago.pdf,1lKEMbZVXUmqO6IAC4IZcDf13Wptw6jcL,https://drive.google.com/file/d/1lKEMbZVXUmqO6IAC4IZcDf13Wptw6jcL/view?usp=drive_link,https://drive.google.com/file/d/1lKEMbZVXUmqO6IAC4IZcDf13Wptw6jcL/preview
20260126-6258-VIG-OAR260126-004-26-01-2026-uesvallecartago.pdf,1cPr9EUN93oz1WqZLRUFK2h8FLAfuMbL7,https://drive.google.com/file/d/1cPr9EUN93oz1WqZLRUFK2h8FLAfuMbL7/view?usp=drive_link,https://drive.google.com/file/d/1cPr9EUN93oz1WqZLRUFK2h8FLAfuMbL7/preview
20260127-6286-VIG-OAR270126-003-27-01-2026-uesvallecartago.pdf,1FcKGMEuJlmDngU3ySEhS4XD8tBiiJC_Q,https://drive.google.com/file/d/1FcKGMEuJlmDngU3ySEhS4XD8tBiiJC_Q/view?usp=drive_link,https://drive.google.com/file/d/1FcKGMEuJlmDngU3ySEhS4XD8tBiiJC_Q/preview
20260127-6304-VIG-OAR270126-005-27-01-2026-uesvallecartago.pdf,1nEhMNOqVhnLbZsUTK8Al3xdBiMiZns4m,https://drive.google.com/file/d/1nEhMNOqVhnLbZsUTK8Al3xdBiMiZns4m/view?usp=drive_link,https://drive.google.com/file/d/1nEhMNOqVhnLbZsUTK8Al3xdBiMiZns4m/preview
20260127-6285-VIG-OAR270126-002-27-01-2026-uesvallecartago.pdf,1M7sum1LKtFkwLn5JdwFszXU8_tVORuSU,https://drive.google.com/file/d/1M7sum1LKtFkwLn5JdwFszXU8_tVORuSU/view?usp=drive_link,https://drive.google.com/file/d/1M7sum1LKtFkwLn5JdwFszXU8_tVORuSU/preview
20260127-6312-VIG-OAR270126-001-27-01-2026-uesvallecartago.pdf,1rpgJuUdstQZwCGku6HmAQrs6WBRqSZF3,https://drive.google.com/file/d/1rpgJuUdstQZwCGku6HmAQrs6WBRqSZF3/view?usp=drive_link,https://drive.google.com/file/d/1rpgJuUdstQZwCGku6HmAQrs6WBRqSZF3/preview
20260127-6300-VIG-OAR270126-004-27-01-2026-uesvallecartago.pdf,1pb6wEzl5jQwF_csMH-9NH9YzIuc1dEOp,https://drive.google.com/file/d/1pb6wEzl5jQwF_csMH-9NH9YzIuc1dEOp/view?usp=drive_link,https://drive.google.com/file/d/1pb6wEzl5jQwF_csMH-9NH9YzIuc1dEOp/preview
20260202-6404-VIG-LVC02022026-4-02-02-2026-uesvallecartago.pdf,1tsdlstapxsMZpQX8O2oGdVZT5XrckjFx,https://drive.google.com/file/d/1tsdlstapxsMZpQX8O2oGdVZT5XrckjFx/view?usp=drive_link,https://drive.google.com/file/d/1tsdlstapxsMZpQX8O2oGdVZT5XrckjFx/preview
20260202-6407-VIG-OAR020226-002-02-02-2026-uesvallecartago.pdf,1liuwq6XXSTSmExkmbZ9-KUKIUTbnJtCU,https://drive.google.com/file/d/1liuwq6XXSTSmExkmbZ9-KUKIUTbnJtCU/view?usp=drive_link,https://drive.google.com/file/d/1liuwq6XXSTSmExkmbZ9-KUKIUTbnJtCU/preview
20260202-6429-VIG-OAR020226-004-02-02-2026-uesvallecartago.pdf,1ij92_eHyhb83ttEVuJjDMZNlNCmsxOja,https://drive.google.com/file/d/1ij92_eHyhb83ttEVuJjDMZNlNCmsxOja/view?usp=drive_link,https://drive.google.com/file/d/1ij92_eHyhb83ttEVuJjDMZNlNCmsxOja/preview
20260202-6427-VIG-OAR020226-003-02-02-2026-uesvallecartago.pdf,1Q7Sjvop9SXJ4XjuwsKI_Dtt6x5JPAhBK,https://drive.google.com/file/d/1Q7Sjvop9SXJ4XjuwsKI_Dtt6x5JPAhBK/view?usp=drive_link,https://drive.google.com/file/d/1Q7Sjvop9SXJ4XjuwsKI_Dtt6x5JPAhBK/preview
20260202-6403-VIG-LVC02022026-3-02-02-2026-uesvallecartago.pdf,1DTe3k7S8EUNeaIZPYEbBsC43gcbxeRqM,https://drive.google.com/file/d/1DTe3k7S8EUNeaIZPYEbBsC43gcbxeRqM/view?usp=drive_link,https://drive.google.com/file/d/1DTe3k7S8EUNeaIZPYEbBsC43gcbxeRqM/preview
20260202-6400-VIG-OAR020226-001-02-02-2026-uesvallecartago.pdf,1ELcN-vxlkPVUGDWF323zktPhnV_NwgMK,https://drive.google.com/file/d/1ELcN-vxlkPVUGDWF323zktPhnV_NwgMK/view?usp=drive_link,https://drive.google.com/file/d/1ELcN-vxlkPVUGDWF323zktPhnV_NwgMK/preview
20260202-6402-VIG-lvc02022026-2-02-02-2026-uesvallecartago.pdf,1FCmki1qrvInGoMrHvsCTCrJ8qYD800ID,https://drive.google.com/file/d/1FCmki1qrvInGoMrHvsCTCrJ8qYD800ID/view?usp=drive_link,https://drive.google.com/file/d/1FCmki1qrvInGoMrHvsCTCrJ8qYD800ID/preview
20260202-6414-VIG-LVC02022026-1-02-02-2026-uesvallecartago.pdf,1ITNxToIllEbt78uI3avuc5DVs4_RPM_5,https://drive.google.com/file/d/1ITNxToIllEbt78uI3avuc5DVs4_RPM_5/view?usp=drive_link,https://drive.google.com/file/d/1ITNxToIllEbt78uI3avuc5DVs4_RPM_5/preview
20260203-6453-VIG-OAR030226-003-03-02-2026-uesvallecartago.pdf,14aodLdh3XtvrWcx37T_KDsFeIS2VB6cg,https://drive.google.com/file/d/14aodLdh3XtvrWcx37T_KDsFeIS2VB6cg/view?usp=drive_link,https://drive.google.com/file/d/14aodLdh3XtvrWcx37T_KDsFeIS2VB6cg/preview
20260203-6470-VIG-OAR030226-007-03-02-2026-uesvallecartago.pdf,1TwE3-fzS6X0qZCGF0xFcIy-IR1h0bg3F,https://drive.google.com/file/d/1TwE3-fzS6X0qZCGF0xFcIy-IR1h0bg3F/view?usp=drive_link,https://drive.google.com/file/d/1TwE3-fzS6X0qZCGF0xFcIy-IR1h0bg3F/preview
20260203-6459-VIG-OAR030226-005-03-02-2026-uesvallecartago.pdf,1lVXW1aZoqV0uuwJivONJ4VDw8aYjEVyA,https://drive.google.com/file/d/1lVXW1aZoqV0uuwJivONJ4VDw8aYjEVyA/view?usp=drive_link,https://drive.google.com/file/d/1lVXW1aZoqV0uuwJivONJ4VDw8aYjEVyA/preview
20260203-6460-VIG-OAR030226-006-03-02-2026-uesvallecartago.pdf,1YFON7QhVmAU-ShMthT2e9lE-tJSzaTXy,https://drive.google.com/file/d/1YFON7QhVmAU-ShMthT2e9lE-tJSzaTXy/view?usp=drive_link,https://drive.google.com/file/d/1YFON7QhVmAU-ShMthT2e9lE-tJSzaTXy/preview
20260203-6455-VIG-OAR030226-004-03-02-2026-uesvallecartago.pdf,1Cg23T5YI7aeRxo1rBuQr64xbwffKnw0J,https://drive.google.com/file/d/1Cg23T5YI7aeRxo1rBuQr64xbwffKnw0J/view?usp=drive_link,https://drive.google.com/file/d/1Cg23T5YI7aeRxo1rBuQr64xbwffKnw0J/preview
20260203-6449-VIG-OAR030226-002-03-02-2026-uesvallecartago.pdf,1EQH4-aLA89oqP45yabxinxz4Ffc1zuBA,https://drive.google.com/file/d/1EQH4-aLA89oqP45yabxinxz4Ffc1zuBA/view?usp=drive_link,https://drive.google.com/file/d/1EQH4-aLA89oqP45yabxinxz4Ffc1zuBA/preview
20260203-6448-VIG-OAR030226-001-03-02-2026-uesvallecartago.pdf,1aBFmBVoyrs3HZnz93cmrf0o2Z_0cc3oP,https://drive.google.com/file/d/1aBFmBVoyrs3HZnz93cmrf0o2Z_0cc3oP/view?usp=drive_link,https://drive.google.com/file/d/1aBFmBVoyrs3HZnz93cmrf0o2Z_0cc3oP/preview
20260204-6516-VIG-LVC04022026-2-04-02-2026-uesvallecartago.pdf,1Cf6vuNQRTCSr7RC5OLjnKWuIagwXmU5e,https://drive.google.com/file/d/1Cf6vuNQRTCSr7RC5OLjnKWuIagwXmU5e/view?usp=drive_link,https://drive.google.com/file/d/1Cf6vuNQRTCSr7RC5OLjnKWuIagwXmU5e/preview
20260204-6515-VIG-lvc04022026-1-04-02-2026-uesvallecartago.pdf,1GlVecsK3-EV34CM5y44ZQVUzkQCWBxz5,https://drive.google.com/file/d/1GlVecsK3-EV34CM5y44ZQVUzkQCWBxz5/view?usp=drive_link,https://drive.google.com/file/d/1GlVecsK3-EV34CM5y44ZQVUzkQCWBxz5/preview
20260204-6522-VIG-LVC04022026-5-04-02-2026-uesvallecartago.pdf,1LuhG1wM32-5rCHC4FfiYUX4mlm3uPyAl,https://drive.google.com/file/d/1LuhG1wM32-5rCHC4FfiYUX4mlm3uPyAl/view?usp=drive_link,https://drive.google.com/file/d/1LuhG1wM32-5rCHC4FfiYUX4mlm3uPyAl/preview
20260204-6527-VIG-OAR040226-004-04-02-2026-uesvallecartago.pdf,1RmUptJq8Ox-q-ppCfV_uunXzkY64jD3H,https://drive.google.com/file/d/1RmUptJq8Ox-q-ppCfV_uunXzkY64jD3H/view?usp=drive_link,https://drive.google.com/file/d/1RmUptJq8Ox-q-ppCfV_uunXzkY64jD3H/preview
20260204-6520-VIG-LVC04022026-4-04-02-2026-uesvallecartago.pdf,1_3HMAsrR3EeNAlwvP0ZzA6hdw27FAaUp,https://drive.google.com/file/d/1_3HMAsrR3EeNAlwvP0ZzA6hdw27FAaUp/view?usp=drive_link,https://drive.google.com/file/d/1_3HMAsrR3EeNAlwvP0ZzA6hdw27FAaUp/preview
20260204-6512-VIG-OAR040226-002-04-02-2026-uesvallecartago.pdf,1RhvhxANrGgG9E6cFFvQ9X8IR6mJxjGkl,https://drive.google.com/file/d/1RhvhxANrGgG9E6cFFvQ9X8IR6mJxjGkl/view?usp=drive_link,https://drive.google.com/file/d/1RhvhxANrGgG9E6cFFvQ9X8IR6mJxjGkl/preview
20260204-6526-VIG-LVC04022026-7-04-02-2026-uesvallecartago.pdf,1Xvhb05zfJ01MJ8z0YKzyg9kyvOSTuQfJ,https://drive.google.com/file/d/1Xvhb05zfJ01MJ8z0YKzyg9kyvOSTuQfJ/view?usp=drive_link,https://drive.google.com/file/d/1Xvhb05zfJ01MJ8z0YKzyg9kyvOSTuQfJ/preview
20260204-6518-VIG-LVC04022026-3-04-02-2026-uesvallecartago.pdf,1vBuL-kES1BNIlNykPCTdnUhsVhLUX1Ha,https://drive.google.com/file/d/1vBuL-kES1BNIlNykPCTdnUhsVhLUX1Ha/view?usp=drive_link,https://drive.google.com/file/d/1vBuL-kES1BNIlNykPCTdnUhsVhLUX1Ha/preview
20260204-6524-VIG-LVC04022026-6-04-02-2026-uesvallecartago.pdf,1Q1uxRUL1A0-cLsQvtHK3h5SXrHS4p_yF,https://drive.google.com/file/d/1Q1uxRUL1A0-cLsQvtHK3h5SXrHS4p_yF/view?usp=drive_link,https://drive.google.com/file/d/1Q1uxRUL1A0-cLsQvtHK3h5SXrHS4p_yF/preview
20260204-6523-VIG-OAR040226-003-04-02-2026-uesvallecartago.pdf,1uqMYmcM523bFvM_ahCYJplosKUjYDzXk,https://drive.google.com/file/d/1uqMYmcM523bFvM_ahCYJplosKUjYDzXk/view?usp=drive_link,https://drive.google.com/file/d/1uqMYmcM523bFvM_ahCYJplosKUjYDzXk/preview
20260204-6513-VIG-OAR040226-001-04-02-2026-uesvallecartago.pdf,1vzxedG64VyaCzNb6c65u1oMWIxD2tjz8,https://drive.google.com/file/d/1vzxedG64VyaCzNb6c65u1oMWIxD2tjz8/view?usp=drive_link,https://drive.google.com/file/d/1vzxedG64VyaCzNb6c65u1oMWIxD2tjz8/preview
20260209-6560-VIG-OAR090226-002-09-02-2026-uesvallecartago.pdf,1cnyno0yWQnIrIqQUtiEBPbwq8s_4LCAZ,https://drive.google.com/file/d/1cnyno0yWQnIrIqQUtiEBPbwq8s_4LCAZ/view?usp=drive_link,https://drive.google.com/file/d/1cnyno0yWQnIrIqQUtiEBPbwq8s_4LCAZ/preview
20260209-6563-VIG-OAR090226-003-09-02-2026-uesvallecartago.pdf,13NEpDMn7_KtiDJXMJWqnVr6xVPTu5bAZ,https://drive.google.com/file/d/13NEpDMn7_KtiDJXMJWqnVr6xVPTu5bAZ/view?usp=drive_link,https://drive.google.com/file/d/13NEpDMn7_KtiDJXMJWqnVr6xVPTu5bAZ/preview
20260209-6574-VIG-OAR090226-004-09-02-2026-uesvallecartago.pdf,1fFjs1e068SQsJtONWBMseEMxKG0MMiKD,https://drive.google.com/file/d/1fFjs1e068SQsJtONWBMseEMxKG0MMiKD/view?usp=drive_link,https://drive.google.com/file/d/1fFjs1e068SQsJtONWBMseEMxKG0MMiKD/preview
20260209-6557-VIG-OAR090226-001-09-02-2026-uesvallecartago.pdf,1upuW-iuY1SlRavFOOwL1zbR9cIUpZ2vZ,https://drive.google.com/file/d/1upuW-iuY1SlRavFOOwL1zbR9cIUpZ2vZ/view?usp=drive_link,https://drive.google.com/file/d/1upuW-iuY1SlRavFOOwL1zbR9cIUpZ2vZ/preview
20260210-6620-VIG-LVC10022026-1-10-02-2026-uesvallecartago.pdf,17oWsbjgxYHT4cAonxc29ThdBprzqtpfv,https://drive.google.com/file/d/17oWsbjgxYHT4cAonxc29ThdBprzqtpfv/view?usp=drive_link,https://drive.google.com/file/d/17oWsbjgxYHT4cAonxc29ThdBprzqtpfv/preview
20260210-6613-VIG-LVC10022026-4-10-02-2026-uesvallecartago.pdf,1W2dO_GbrOgiiVtISCQ39jQ7tcCKHlVE8,https://drive.google.com/file/d/1W2dO_GbrOgiiVtISCQ39jQ7tcCKHlVE8/view?usp=drive_link,https://drive.google.com/file/d/1W2dO_GbrOgiiVtISCQ39jQ7tcCKHlVE8/preview
20260210-6626-VIG-LVC10022026-5-10-02-2026-uesvallecartago.pdf,1lBXiJ55plN2N4lj4gEiECLxl4AqZvnEo,https://drive.google.com/file/d/1lBXiJ55plN2N4lj4gEiECLxl4AqZvnEo/view?usp=drive_link,https://drive.google.com/file/d/1lBXiJ55plN2N4lj4gEiECLxl4AqZvnEo/preview
20260210-6616-VIG-LVC10022026-2-10-02-2026-uesvallecartago.pdf,1dsGo4Z-VlsH1qzftwBDG1B9k8EISIIwf,https://drive.google.com/file/d/1dsGo4Z-VlsH1qzftwBDG1B9k8EISIIwf/view?usp=drive_link,https://drive.google.com/file/d/1dsGo4Z-VlsH1qzftwBDG1B9k8EISIIwf/preview
20260210-6611-VIG-lvc10022026-3-10-02-2026-uesvallecartago.pdf,1OfmbLVBmfVgGHr9GPnzmxNM7EPwcAXjS,https://drive.google.com/file/d/1OfmbLVBmfVgGHr9GPnzmxNM7EPwcAXjS/view?usp=drive_link,https://drive.google.com/file/d/1OfmbLVBmfVgGHr9GPnzmxNM7EPwcAXjS/preview
20260216-6700-VIG-OAR160226-004-16-02-2026-uesvallecartago.pdf,1ucUtsq-cIkAFrNsXEj4FBEqMO1Dl7jB3,https://drive.google.com/file/d/1ucUtsq-cIkAFrNsXEj4FBEqMO1Dl7jB3/view?usp=drive_link,https://drive.google.com/file/d/1ucUtsq-cIkAFrNsXEj4FBEqMO1Dl7jB3/preview
20260216-6692-VIG-LVC16022026-1-16-02-2026-uesvallecartago.pdf,1AcU-7NU0MA0yPRqbKuWzuf4Y5JWN_MmZ,https://drive.google.com/file/d/1AcU-7NU0MA0yPRqbKuWzuf4Y5JWN_MmZ/view?usp=drive_link,https://drive.google.com/file/d/1AcU-7NU0MA0yPRqbKuWzuf4Y5JWN_MmZ/preview
20260216-6699-VIG-LVC16022026-4-16-02-2026-uesvallecartago.pdf,1Dw2qWVmf2MERNlEn1Y10dQGuaE-UVEil,https://drive.google.com/file/d/1Dw2qWVmf2MERNlEn1Y10dQGuaE-UVEil/view?usp=drive_link,https://drive.google.com/file/d/1Dw2qWVmf2MERNlEn1Y10dQGuaE-UVEil/preview
20260216-6688-VIG-OAR160226-002-16-02-2026-uesvallecartago.pdf,1DTDp4of3MXLNq1-V-g97X5cQEufSDFLB,https://drive.google.com/file/d/1DTDp4of3MXLNq1-V-g97X5cQEufSDFLB/view?usp=drive_link,https://drive.google.com/file/d/1DTDp4of3MXLNq1-V-g97X5cQEufSDFLB/preview
20260216-6687-VIG-oar160226-001-16-02-2026-uesvallecartago.pdf,1igD10u7zduBMa1YSrcf3MOCpOsdkqpQm,https://drive.google.com/file/d/1igD10u7zduBMa1YSrcf3MOCpOsdkqpQm/view?usp=drive_link,https://drive.google.com/file/d/1igD10u7zduBMa1YSrcf3MOCpOsdkqpQm/preview
20260216-6695-VIG-LVC16022026-2-16-02-2026-uesvallecartago.pdf,1PUZnPZk1d2zw0GJOcf6JJFZpGJVu4EgP,https://drive.google.com/file/d/1PUZnPZk1d2zw0GJOcf6JJFZpGJVu4EgP/view?usp=drive_link,https://drive.google.com/file/d/1PUZnPZk1d2zw0GJOcf6JJFZpGJVu4EgP/preview
20260216-6691-VIG-OAR160226-003-16-02-2026-uesvallecartago.pdf,1hRj7NmflsZdXzqcxUYs9SpbbGQawuBCp,https://drive.google.com/file/d/1hRj7NmflsZdXzqcxUYs9SpbbGQawuBCp/view?usp=drive_link,https://drive.google.com/file/d/1hRj7NmflsZdXzqcxUYs9SpbbGQawuBCp/preview
20260216-6697-VIG-LVC16022026-3-16-02-2026-uesvallecartago.pdf,1GDghS26wmMUljnPzT6T5_sF9GyA-s2zk,https://drive.google.com/file/d/1GDghS26wmMUljnPzT6T5_sF9GyA-s2zk/view?usp=drive_link,https://drive.google.com/file/d/1GDghS26wmMUljnPzT6T5_sF9GyA-s2zk/preview
20260217-6737-VIG-LVC17022026-5-17-02-2026-uesvallecartago.pdf,1WgCxeY3Xs2nPMcYrSZhxho_TzDYfdDXp,https://drive.google.com/file/d/1WgCxeY3Xs2nPMcYrSZhxho_TzDYfdDXp/view?usp=drive_link,https://drive.google.com/file/d/1WgCxeY3Xs2nPMcYrSZhxho_TzDYfdDXp/preview
20260217-6733-VIG-lvc17022026-1-17-02-2026-uesvallecartago.pdf,1FP6Bhr2DvSNSc936-9D9xxknkVUgiD1G,https://drive.google.com/file/d/1FP6Bhr2DvSNSc936-9D9xxknkVUgiD1G/view?usp=drive_link,https://drive.google.com/file/d/1FP6Bhr2DvSNSc936-9D9xxknkVUgiD1G/preview
20260217-6736-VIG-LVC17022026-4-17-02-2026-uesvallecartago.pdf,15154xj7G_aJCCFuZVixIPOiHVbfsbdYy,https://drive.google.com/file/d/15154xj7G_aJCCFuZVixIPOiHVbfsbdYy/view?usp=drive_link,https://drive.google.com/file/d/15154xj7G_aJCCFuZVixIPOiHVbfsbdYy/preview
20260217-6735-VIG-LVC17022026-3-17-02-2026-uesvallecartago.pdf,1oyzrm7IeFBNt4w0FZRfFsiU7E2a-XLF3,https://drive.google.com/file/d/1oyzrm7IeFBNt4w0FZRfFsiU7E2a-XLF3/view?usp=drive_link,https://drive.google.com/file/d/1oyzrm7IeFBNt4w0FZRfFsiU7E2a-XLF3/preview
20260217-6734-VIG-LVC17022026-2-17-02-2026-uesvallecartago.pdf,1zNG4VwCJx-J7wdGqvqhRrL0Rwl4eXyE5,https://drive.google.com/file/d/1zNG4VwCJx-J7wdGqvqhRrL0Rwl4eXyE5/view?usp=drive_link,https://drive.google.com/file/d/1zNG4VwCJx-J7wdGqvqhRrL0Rwl4eXyE5/preview
20260218-6772-VIG-OAR180226-002-19-02-2026-uesvallecartago.pdf,1Ix2CRihniLRC4lduiJtJv8-N8nP4yDWs,https://drive.google.com/file/d/1Ix2CRihniLRC4lduiJtJv8-N8nP4yDWs/view?usp=drive_link,https://drive.google.com/file/d/1Ix2CRihniLRC4lduiJtJv8-N8nP4yDWs/preview
20260218-6788-VIG-OAR180226-004-19-02-2026-uesvallecartago.pdf,1_adpZLJevkpoZ-RtEPdth9TfrKja97aS,https://drive.google.com/file/d/1_adpZLJevkpoZ-RtEPdth9TfrKja97aS/view?usp=drive_link,https://drive.google.com/file/d/1_adpZLJevkpoZ-RtEPdth9TfrKja97aS/preview
20260218-6782-VIG-OAR180226-005-19-02-2026-uesvallecartago.pdf,1fJOOow5po2iElmCN-XXc_JpsTpea63Pn,https://drive.google.com/file/d/1fJOOow5po2iElmCN-XXc_JpsTpea63Pn/view?usp=drive_link,https://drive.google.com/file/d/1fJOOow5po2iElmCN-XXc_JpsTpea63Pn/preview
20260218-6767-VIG-OAR180226-001-19-02-2026-uesvallecartago.pdf,1WRjgISbQsmQCs1S3JIYSo3ucrzGcapve,https://drive.google.com/file/d/1WRjgISbQsmQCs1S3JIYSo3ucrzGcapve/view?usp=drive_link,https://drive.google.com/file/d/1WRjgISbQsmQCs1S3JIYSo3ucrzGcapve/preview
20260218-6791-VIG-OAR180226-003-19-02-2026-uesvallecartago.pdf,198GWYYzvNgxwHF1oU_FE2gWbiXHZx-W5,https://drive.google.com/file/d/198GWYYzvNgxwHF1oU_FE2gWbiXHZx-W5/view?usp=drive_link,https://drive.google.com/file/d/198GWYYzvNgxwHF1oU_FE2gWbiXHZx-W5/preview
20260223-6826-VIG-OAR230226-003-23-02-2026-uesvallecartago.pdf,1KOhCld7ZkxMo5duHCUX7-Vt2iBRFro5_,https://drive.google.com/file/d/1KOhCld7ZkxMo5duHCUX7-Vt2iBRFro5_/view?usp=drive_link,https://drive.google.com/file/d/1KOhCld7ZkxMo5duHCUX7-Vt2iBRFro5_/preview
20260223-6818-VIG-OAR230226-001-23-02-2026-uesvallecartago.pdf,1zzLI7fDrh4vrFJn_o8pRwXvJWN97fpQh,https://drive.google.com/file/d/1zzLI7fDrh4vrFJn_o8pRwXvJWN97fpQh/view?usp=drive_link,https://drive.google.com/file/d/1zzLI7fDrh4vrFJn_o8pRwXvJWN97fpQh/preview
20260223-6811-VIG-OAR230226-002-23-02-2026-uesvallecartago.pdf,1Yg-BGMho27wm1fvVVvITbneq3nhoyHA2,https://drive.google.com/file/d/1Yg-BGMho27wm1fvVVvITbneq3nhoyHA2/view?usp=drive_link,https://drive.google.com/file/d/1Yg-BGMho27wm1fvVVvITbneq3nhoyHA2/preview
20260223-6812-VIG-OAR230226-004-23-02-2026-uesvallecartago.pdf,1fDn_E_3cti85fbinv6_KGIot0HdNvRJ9,https://drive.google.com/file/d/1fDn_E_3cti85fbinv6_KGIot0HdNvRJ9/view?usp=drive_link,https://drive.google.com/file/d/1fDn_E_3cti85fbinv6_KGIot0HdNvRJ9/preview
20260224-6852-VIG-lvc24022026-1-24-02-2026-uesvallecartago.pdf,1rRScTQ5z4FjM2CJz0XZtlJIQ6YFWSJi_,https://drive.google.com/file/d/1rRScTQ5z4FjM2CJz0XZtlJIQ6YFWSJi_/view?usp=drive_link,https://drive.google.com/file/d/1rRScTQ5z4FjM2CJz0XZtlJIQ6YFWSJi_/preview
20260224-6853-VIG-LVC24022026-2-24-02-2026-uesvallecartago.pdf,1zjHUxyHgh7DezZlQoe_8DmwadTZIRBn5,https://drive.google.com/file/d/1zjHUxyHgh7DezZlQoe_8DmwadTZIRBn5/view?usp=drive_link,https://drive.google.com/file/d/1zjHUxyHgh7DezZlQoe_8DmwadTZIRBn5/preview
20260224-6854-VIG-LVC24022026-3-24-02-2026-uesvallecartago.pdf,1y3KZ6zwCq-8Je2CBlSXaGDtXWPn5mzrs,https://drive.google.com/file/d/1y3KZ6zwCq-8Je2CBlSXaGDtXWPn5mzrs/view?usp=drive_link,https://drive.google.com/file/d/1y3KZ6zwCq-8Je2CBlSXaGDtXWPn5mzrs/preview
20260224-6860-VIG-LVC24022026-5-24-02-2026-uesvallecartago.pdf,1WD8aXZnd2mCydV3RmMW9SX5PvE5N_NQz,https://drive.google.com/file/d/1WD8aXZnd2mCydV3RmMW9SX5PvE5N_NQz/view?usp=drive_link,https://drive.google.com/file/d/1WD8aXZnd2mCydV3RmMW9SX5PvE5N_NQz/preview
20260224-6856-VIG-LVC24022026-4-24-02-2026-uesvallecartago.pdf,1aah0XFA5uyK1Tr1UNsyNKHVFrd0mxfK-,https://drive.google.com/file/d/1aah0XFA5uyK1Tr1UNsyNKHVFrd0mxfK-/view?usp=drive_link,https://drive.google.com/file/d/1aah0XFA5uyK1Tr1UNsyNKHVFrd0mxfK-/preview
20260302-6914-VIG-oar020326-001-02-03-2026-uesvallecartago.pdf,1ou7a0jPZZmn7O173IN29CdImLDtOmxSy,https://drive.google.com/file/d/1ou7a0jPZZmn7O173IN29CdImLDtOmxSy/view?usp=drive_link,https://drive.google.com/file/d/1ou7a0jPZZmn7O173IN29CdImLDtOmxSy/preview
20260302-6947-VIG-LVC02032026-4-02-03-2026-uesvallecartago.pdf,18LJL8mOnOTaKb7C1rkVYGvPg6tFu-eIr,https://drive.google.com/file/d/18LJL8mOnOTaKb7C1rkVYGvPg6tFu-eIr/view?usp=drive_link,https://drive.google.com/file/d/18LJL8mOnOTaKb7C1rkVYGvPg6tFu-eIr/preview
20260302-6948-VIG-OAR020326-004-02-03-2026-uesvallecartago.pdf,1zX3E2AXzE23XPAeuIwozs8LBQXeshH6w,https://drive.google.com/file/d/1zX3E2AXzE23XPAeuIwozs8LBQXeshH6w/view?usp=drive_link,https://drive.google.com/file/d/1zX3E2AXzE23XPAeuIwozs8LBQXeshH6w/preview
20260302-6916-VIG-LVC02032026-1-02-03-2026-uesvallecartago.pdf,1hLH3BanHId2y7mRuYLo6wG2DuFxrIATl,https://drive.google.com/file/d/1hLH3BanHId2y7mRuYLo6wG2DuFxrIATl/view?usp=drive_link,https://drive.google.com/file/d/1hLH3BanHId2y7mRuYLo6wG2DuFxrIATl/preview
20260302-6919-VIG-LVC02032026-2-02-03-2026-uesvallecartago.pdf,1UyPoa-QtDigxdXgn-86mwA-3eo4BYwlN,https://drive.google.com/file/d/1UyPoa-QtDigxdXgn-86mwA-3eo4BYwlN/view?usp=drive_link,https://drive.google.com/file/d/1UyPoa-QtDigxdXgn-86mwA-3eo4BYwlN/preview
20260302-6918-VIG-OAR020326-002-02-03-2026-uesvallecartago.pdf,1tdyAtsa0is02wPjWaMbJlb7e3kj3iKAM,https://drive.google.com/file/d/1tdyAtsa0is02wPjWaMbJlb7e3kj3iKAM/view?usp=drive_link,https://drive.google.com/file/d/1tdyAtsa0is02wPjWaMbJlb7e3kj3iKAM/preview
20260302-6944-VIG-OAR020326-003-02-03-2026-uesvallecartago.pdf,1SAHVB8_Xfrx515RALKDNryjfkADymYvF,https://drive.google.com/file/d/1SAHVB8_Xfrx515RALKDNryjfkADymYvF/view?usp=drive_link,https://drive.google.com/file/d/1SAHVB8_Xfrx515RALKDNryjfkADymYvF/preview
20260302-6946-VIG-LVC02032026-3-02-03-2026-uesvallecartago.pdf,1tl4TZNijr8p3KE8pwu0yOL0skq9WCe-V,https://drive.google.com/file/d/1tl4TZNijr8p3KE8pwu0yOL0skq9WCe-V/view?usp=drive_link,https://drive.google.com/file/d/1tl4TZNijr8p3KE8pwu0yOL0skq9WCe-V/preview
20260303-6982-VIG-OAR030326-006-03-03-2026-uesvallecartago.pdf,1ERUTSWG7v-VFxUVitdjHo-Y4aXejrqUF,https://drive.google.com/file/d/1ERUTSWG7v-VFxUVitdjHo-Y4aXejrqUF/view?usp=drive_link,https://drive.google.com/file/d/1ERUTSWG7v-VFxUVitdjHo-Y4aXejrqUF/preview
20260303-6972-VIG-OAR030326-002-03-03-2026-uesvallecartago.pdf,1A0xAOfGpArpkG4d6fU_oQkfw98bPz_p4,https://drive.google.com/file/d/1A0xAOfGpArpkG4d6fU_oQkfw98bPz_p4/view?usp=drive_link,https://drive.google.com/file/d/1A0xAOfGpArpkG4d6fU_oQkfw98bPz_p4/preview
20260303-6971-VIG-OAR030326-001-03-03-2026-uesvallecartago.pdf,1ppxScWgI_uF1U69jV3gB88DCIKjt6hde,https://drive.google.com/file/d/1ppxScWgI_uF1U69jV3gB88DCIKjt6hde/view?usp=drive_link,https://drive.google.com/file/d/1ppxScWgI_uF1U69jV3gB88DCIKjt6hde/preview
20260303-6992-VIG-OAR030326-005-03-03-2026-uesvallecartago.pdf,1ckSOY4rBplQDGnoMWnhNbFZaKMMUcv4S,https://drive.google.com/file/d/1ckSOY4rBplQDGnoMWnhNbFZaKMMUcv4S/view?usp=drive_link,https://drive.google.com/file/d/1ckSOY4rBplQDGnoMWnhNbFZaKMMUcv4S/preview
20260303-6979-VIG-OAR030326-003-03-03-2026-uesvallecartago.pdf,1iBL564I9xXi1cGoTjIN-ULQkCAxzJuUH,https://drive.google.com/file/d/1iBL564I9xXi1cGoTjIN-ULQkCAxzJuUH/view?usp=drive_link,https://drive.google.com/file/d/1iBL564I9xXi1cGoTjIN-ULQkCAxzJuUH/preview
20260303-6980-VIG-OAR030326-007-03-03-2026-uesvallecartago.pdf,1n2ApASyu7Yo6MTj3ZzAMnD3RxYHDTOvM,https://drive.google.com/file/d/1n2ApASyu7Yo6MTj3ZzAMnD3RxYHDTOvM/view?usp=drive_link,https://drive.google.com/file/d/1n2ApASyu7Yo6MTj3ZzAMnD3RxYHDTOvM/preview
20260303-6978-VIG-OAR030326-004-03-03-2026-uesvallecartago.pdf,1Xp0ts9kfRPjcHLde6EMBCK9uimAMjNw6,https://drive.google.com/file/d/1Xp0ts9kfRPjcHLde6EMBCK9uimAMjNw6/view?usp=drive_link,https://drive.google.com/file/d/1Xp0ts9kfRPjcHLde6EMBCK9uimAMjNw6/preview
20260304-7039-VIG-OAR040326-003-04-03-2026-uesvallecartago.pdf,1VDMFStYTNNqhx7Vh3wfel8J5574IEXZc,https://drive.google.com/file/d/1VDMFStYTNNqhx7Vh3wfel8J5574IEXZc/view?usp=drive_link,https://drive.google.com/file/d/1VDMFStYTNNqhx7Vh3wfel8J5574IEXZc/preview
20260304-7026-VIG-OAR040326-001-04-03-2026-uesvallecartago.pdf,1OnRDQPg0kkCUqzpqvg7VjLw4zo7KTUk1,https://drive.google.com/file/d/1OnRDQPg0kkCUqzpqvg7VjLw4zo7KTUk1/view?usp=drive_link,https://drive.google.com/file/d/1OnRDQPg0kkCUqzpqvg7VjLw4zo7KTUk1/preview
20260304-7029-VIG-lvc04032026-1-04-03-2026-uesvallecartago.pdf,1yPi5kdhqfkDRkuMHr_MAWJSTaNLxRz3l,https://drive.google.com/file/d/1yPi5kdhqfkDRkuMHr_MAWJSTaNLxRz3l/view?usp=drive_link,https://drive.google.com/file/d/1yPi5kdhqfkDRkuMHr_MAWJSTaNLxRz3l/preview
20260304-7027-VIG-OAR040326-002-04-03-2026-uesvallecartago.pdf,17VZL708cr3FL4X1pl7mycS1751EOiy8J,https://drive.google.com/file/d/17VZL708cr3FL4X1pl7mycS1751EOiy8J/view?usp=drive_link,https://drive.google.com/file/d/17VZL708cr3FL4X1pl7mycS1751EOiy8J/preview
20260304-7034-VIG-LVC04032026-5-04-03-2026-uesvallecartago.pdf,1WFrW8C67eJBg0fbxEOXb9_MBlLaV0Ilj,https://drive.google.com/file/d/1WFrW8C67eJBg0fbxEOXb9_MBlLaV0Ilj/view?usp=drive_link,https://drive.google.com/file/d/1WFrW8C67eJBg0fbxEOXb9_MBlLaV0Ilj/preview
20260304-7031-VIG-LVC04032026-2-04-03-2026-uesvallecartago.pdf,1BAFbGj5lrIpPEnEyNf3f8rStZK_o__nn,https://drive.google.com/file/d/1BAFbGj5lrIpPEnEyNf3f8rStZK_o__nn/view?usp=drive_link,https://drive.google.com/file/d/1BAFbGj5lrIpPEnEyNf3f8rStZK_o__nn/preview
20260304-7032-VIG-LVC04032026-3-04-03-2026-uesvallecartago.pdf,1DOHP9GBTJYZMJY-MXHrPork04u0aC5Pt,https://drive.google.com/file/d/1DOHP9GBTJYZMJY-MXHrPork04u0aC5Pt/view?usp=drive_link,https://drive.google.com/file/d/1DOHP9GBTJYZMJY-MXHrPork04u0aC5Pt/preview
20260304-7030-VIG-OAR040326-004-04-03-2026-uesvallecartago.pdf,1yOFLeeQJCJAfQV25J8Mz3dqkyejfqdiV,https://drive.google.com/file/d/1yOFLeeQJCJAfQV25J8Mz3dqkyejfqdiV/view?usp=drive_link,https://drive.google.com/file/d/1yOFLeeQJCJAfQV25J8Mz3dqkyejfqdiV/preview
20260304-7037-VIG-LVC04032026-6-04-03-2026-uesvallecartago.pdf,1yW00CCeNSIkodz4LoC_oSacmhDBwh_74,https://drive.google.com/file/d/1yW00CCeNSIkodz4LoC_oSacmhDBwh_74/view?usp=drive_link,https://drive.google.com/file/d/1yW00CCeNSIkodz4LoC_oSacmhDBwh_74/preview
20260304-7033-VIG-LVC04032026-4-04-03-2026-uesvallecartago.pdf,1-Rd2slZs3MRxvdGhRrS1g-BxVFt4tdwj,https://drive.google.com/file/d/1-Rd2slZs3MRxvdGhRrS1g-BxVFt4tdwj/view?usp=drive_link,https://drive.google.com/file/d/1-Rd2slZs3MRxvdGhRrS1g-BxVFt4tdwj/preview
20260304-7040-VIG-lvc04032026-7-04-03-2026-uesvallecartago.pdf,17rh4steQFEcVt6cjMKauUw0iZTDL_zw0,https://drive.google.com/file/d/17rh4steQFEcVt6cjMKauUw0iZTDL_zw0/view?usp=drive_link,https://drive.google.com/file/d/17rh4steQFEcVt6cjMKauUw0iZTDL_zw0/preview
20260310-7133-VIG-OAR100326-001-10-03-2026-uesvallecartago.pdf,1o4VSZwy98XS_da5s9oqOmAHpqxEbZIfU,https://drive.google.com/file/d/1o4VSZwy98XS_da5s9oqOmAHpqxEbZIfU/view?usp=drive_link,https://drive.google.com/file/d/1o4VSZwy98XS_da5s9oqOmAHpqxEbZIfU/preview
20260310-7143-VIG-OAR100326-004-10-03-2026-uesvallecartago.pdf,1PTP7Owcb-2QaYkK16hah1jgpxTZLrX1E,https://drive.google.com/file/d/1PTP7Owcb-2QaYkK16hah1jgpxTZLrX1E/view?usp=drive_link,https://drive.google.com/file/d/1PTP7Owcb-2QaYkK16hah1jgpxTZLrX1E/preview
20260310-7129-VIG-OAR100326-002-10-03-2026-uesvallecartago.pdf,1ATrfpmgl5xE9Wb-potPk-07nMVJeGrDn,https://drive.google.com/file/d/1ATrfpmgl5xE9Wb-potPk-07nMVJeGrDn/view?usp=drive_link,https://drive.google.com/file/d/1ATrfpmgl5xE9Wb-potPk-07nMVJeGrDn/preview
20260310-7144-VIG-OAR100326-003-10-03-2026-uesvallecartago.pdf,1zkYlLcPizkzYIVa_F1hc9xaxzaxvJ6jB,https://drive.google.com/file/d/1zkYlLcPizkzYIVa_F1hc9xaxzaxvJ6jB/view?usp=drive_link,https://drive.google.com/file/d/1zkYlLcPizkzYIVa_F1hc9xaxzaxvJ6jB/preview
20260311-7179-VIG-LVC11032026-3-11-03-2026-uesvallecartago.pdf,1xUDgiaz8Z-JXx6N5U88TifhpMBRMzl9y,https://drive.google.com/file/d/1xUDgiaz8Z-JXx6N5U88TifhpMBRMzl9y/view?usp=drive_link,https://drive.google.com/file/d/1xUDgiaz8Z-JXx6N5U88TifhpMBRMzl9y/preview
20260311-7175-VIG-LVC11032026-1-11-03-2026-uesvallecartago.pdf,1NbnzyC802Kedm2y0yoaV-gTDO0ahcHzI,https://drive.google.com/file/d/1NbnzyC802Kedm2y0yoaV-gTDO0ahcHzI/view?usp=drive_link,https://drive.google.com/file/d/1NbnzyC802Kedm2y0yoaV-gTDO0ahcHzI/preview
20260311-7181-VIG-LVC11032026-5-11-03-2026-uesvallecartago.pdf,1BXVI0nx9KNL9NgG5c6PIHoosfSSneejH,https://drive.google.com/file/d/1BXVI0nx9KNL9NgG5c6PIHoosfSSneejH/view?usp=drive_link,https://drive.google.com/file/d/1BXVI0nx9KNL9NgG5c6PIHoosfSSneejH/preview
20260311-7180-VIG-LVC11032026-4-11-03-2026-uesvallecartago.pdf,1fLVNUtljGZ_NctvOjUD0bhk_GvqpsbgW,https://drive.google.com/file/d/1fLVNUtljGZ_NctvOjUD0bhk_GvqpsbgW/view?usp=drive_link,https://drive.google.com/file/d/1fLVNUtljGZ_NctvOjUD0bhk_GvqpsbgW/preview
20260311-7178-VIG-LVC11032026-2-11-03-2026-uesvallecartago.pdf,12Tylv4p1-Q8x3_xNzp92H2z_zly04qey,https://drive.google.com/file/d/12Tylv4p1-Q8x3_xNzp92H2z_zly04qey/view?usp=drive_link,https://drive.google.com/file/d/12Tylv4p1-Q8x3_xNzp92H2z_zly04qey/preview
20260316-7253-VIG-00755-16-03-2026-uesvallecartago.pdf,1N6bSnxqbDqnIVA69pjfaUzHeKmxH04xB,https://drive.google.com/file/d/1N6bSnxqbDqnIVA69pjfaUzHeKmxH04xB/view?usp=drive_link,https://drive.google.com/file/d/1N6bSnxqbDqnIVA69pjfaUzHeKmxH04xB/preview
20260316-7219-VIG-00509-16-03-2026-uesvallecartago.pdf,1-Y3GKJAdgBYJI-LZcAQOFuA_2SvxlBu3,https://drive.google.com/file/d/1-Y3GKJAdgBYJI-LZcAQOFuA_2SvxlBu3/view?usp=drive_link,https://drive.google.com/file/d/1-Y3GKJAdgBYJI-LZcAQOFuA_2SvxlBu3/preview
20260316-7217-VIG-00508-16-03-2026-uesvallecartago.pdf,1b_AMLO44hpvtGJMap5hTNSErapr4yjhK,https://drive.google.com/file/d/1b_AMLO44hpvtGJMap5hTNSErapr4yjhK/view?usp=drive_link,https://drive.google.com/file/d/1b_AMLO44hpvtGJMap5hTNSErapr4yjhK/preview
20260316-7257-DSAN-00503-16-03-2026-uesvallecartago.pdf,1oC3M5-OKpBbghkWBI6Zf_Zr3eD8BdWKK,https://drive.google.com/file/d/1oC3M5-OKpBbghkWBI6Zf_Zr3eD8BdWKK/view?usp=drive_link,https://drive.google.com/file/d/1oC3M5-OKpBbghkWBI6Zf_Zr3eD8BdWKK/preview
20260316-7248-VIG-00752-16-03-2026-uesvallecartago.pdf,1KZuA0QViAJqlh15rfkBBXA9g09GR6w-V,https://drive.google.com/file/d/1KZuA0QViAJqlh15rfkBBXA9g09GR6w-V/view?usp=drive_link,https://drive.google.com/file/d/1KZuA0QViAJqlh15rfkBBXA9g09GR6w-V/preview
20260316-7250-VIG-00753-16-03-2026-uesvallecartago.pdf,1Id8hBuJZDYVppdVA-nDuLwxsQppbETVm,https://drive.google.com/file/d/1Id8hBuJZDYVppdVA-nDuLwxsQppbETVm/view?usp=drive_link,https://drive.google.com/file/d/1Id8hBuJZDYVppdVA-nDuLwxsQppbETVm/preview
20260316-7255-DSAN-00501-16-03-2026-uesvallecartago.pdf,11Ns08is0kRgXXqpT6MRhCiV5QBb9L7am,https://drive.google.com/file/d/11Ns08is0kRgXXqpT6MRhCiV5QBb9L7am/view?usp=drive_link,https://drive.google.com/file/d/11Ns08is0kRgXXqpT6MRhCiV5QBb9L7am/preview
20260316-7252-VIG-00754-16-03-2026-uesvallecartago.pdf,1pWGU-z35VZZj-m2h3sONKCXYK0Gy4w0x,https://drive.google.com/file/d/1pWGU-z35VZZj-m2h3sONKCXYK0Gy4w0x/view?usp=drive_link,https://drive.google.com/file/d/1pWGU-z35VZZj-m2h3sONKCXYK0Gy4w0x/preview
20260316-7256-DSAN-00502-16-03-2026-uesvallecartago.pdf,1Gz1TH6OyFHcnN_GuJ4ip0M7EbOwZGAAI,https://drive.google.com/file/d/1Gz1TH6OyFHcnN_GuJ4ip0M7EbOwZGAAI/view?usp=drive_link,https://drive.google.com/file/d/1Gz1TH6OyFHcnN_GuJ4ip0M7EbOwZGAAI/preview
20260316-7245-VIG-00751-16-03-2026-uesvallecartago.pdf,137keAiNQiUbMeaMBXPdRx_ZpOcyJ1hJF,https://drive.google.com/file/d/137keAiNQiUbMeaMBXPdRx_ZpOcyJ1hJF/view?usp=drive_link,https://drive.google.com/file/d/137keAiNQiUbMeaMBXPdRx_ZpOcyJ1hJF/preview
20260316-7223-VIG-00516-16-03-2026-uesvallecartago.pdf,1GqwIQX1VQobtEjp0OgZzmfJBYqSRRlPV,https://drive.google.com/file/d/1GqwIQX1VQobtEjp0OgZzmfJBYqSRRlPV/view?usp=drive_link,https://drive.google.com/file/d/1GqwIQX1VQobtEjp0OgZzmfJBYqSRRlPV/preview
20260317-7283-VIG-00804-17-03-2026-uesvallecartago.pdf,1JsLY9dIJ09yanCkOT-meAfaSgLuAVCn1,https://drive.google.com/file/d/1JsLY9dIJ09yanCkOT-meAfaSgLuAVCn1/view?usp=drive_link,https://drive.google.com/file/d/1JsLY9dIJ09yanCkOT-meAfaSgLuAVCn1/preview
20260317-7292-VIG-00510-17-03-2026-uesvallecartago.pdf,164o1l0oFf24R5KYvAFXCgn45wP4Z8vdb,https://drive.google.com/file/d/164o1l0oFf24R5KYvAFXCgn45wP4Z8vdb/view?usp=drive_link,https://drive.google.com/file/d/164o1l0oFf24R5KYvAFXCgn45wP4Z8vdb/preview
20260317-7270-VIG-00801-17-03-2026-uesvallecartago.pdf,1jv6-2ECQVo0GfIjKc1muwslW6Ef69Job,https://drive.google.com/file/d/1jv6-2ECQVo0GfIjKc1muwslW6Ef69Job/view?usp=drive_link,https://drive.google.com/file/d/1jv6-2ECQVo0GfIjKc1muwslW6Ef69Job/preview
20260317-7284-VIG-00513-17-03-2026-uesvallecartago.pdf,1sJigvmpKYEAkPxMpSgftiMLIYkSTdA9E,https://drive.google.com/file/d/1sJigvmpKYEAkPxMpSgftiMLIYkSTdA9E/view?usp=drive_link,https://drive.google.com/file/d/1sJigvmpKYEAkPxMpSgftiMLIYkSTdA9E/preview
20260317-7271-VIG-00802-17-03-2026-uesvallecartago.pdf,14NnPPmguHN_VfW67P5LPIQMCDRNqmOOS,https://drive.google.com/file/d/14NnPPmguHN_VfW67P5LPIQMCDRNqmOOS/view?usp=drive_link,https://drive.google.com/file/d/14NnPPmguHN_VfW67P5LPIQMCDRNqmOOS/preview
20260317-7294-VIG-00803-17-03-2026-uesvallecartago.pdf,1uoZK-SeSceUyuBjuOTLx_gka_HouorYU,https://drive.google.com/file/d/1uoZK-SeSceUyuBjuOTLx_gka_HouorYU/view?usp=drive_link,https://drive.google.com/file/d/1uoZK-SeSceUyuBjuOTLx_gka_HouorYU/preview
20260317-7272-VIG-00805-17-03-2026-uesvallecartago.pdf,1kT42j0e-Mj4toccRxrzXaZmrzrUnIp2z,https://drive.google.com/file/d/1kT42j0e-Mj4toccRxrzXaZmrzrUnIp2z/view?usp=drive_link,https://drive.google.com/file/d/1kT42j0e-Mj4toccRxrzXaZmrzrUnIp2z/preview
20260317-7278-VIG-00512-17-03-2026-uesvallecartago.pdf,1A90DctyHZ17chugn2O0qgTLOE0YsKQUd,https://drive.google.com/file/d/1A90DctyHZ17chugn2O0qgTLOE0YsKQUd/view?usp=drive_link,https://drive.google.com/file/d/1A90DctyHZ17chugn2O0qgTLOE0YsKQUd/preview
20260317-7277-VIG-00511-17-03-2026-uesvallecartago.pdf,1TInTCVAEAOAHMmwPTe-aVyi2Uz62cXpH,https://drive.google.com/file/d/1TInTCVAEAOAHMmwPTe-aVyi2Uz62cXpH/view?usp=drive_link,https://drive.google.com/file/d/1TInTCVAEAOAHMmwPTe-aVyi2Uz62cXpH/preview
20260318-7315-VIG-00517-18-03-2026-uesvallecartago.pdf,1FPMic52UX-jgvbeY1x-hyIynAK6EiJ_9,https://drive.google.com/file/d/1FPMic52UX-jgvbeY1x-hyIynAK6EiJ_9/view?usp=drive_link,https://drive.google.com/file/d/1FPMic52UX-jgvbeY1x-hyIynAK6EiJ_9/preview
20260318-7316-VIG-00514-18-03-2026-uesvallecartago.pdf,1iWpr5-qOUbY6_VlbEBfm_juNHDA-ymGG,https://drive.google.com/file/d/1iWpr5-qOUbY6_VlbEBfm_juNHDA-ymGG/view?usp=drive_link,https://drive.google.com/file/d/1iWpr5-qOUbY6_VlbEBfm_juNHDA-ymGG/preview
20260318-7314-VIG-00515-18-03-2026-uesvallecartago.pdf,1HGtwQRdTbTrsAReVk1PFwxapvdZwedp3,https://drive.google.com/file/d/1HGtwQRdTbTrsAReVk1PFwxapvdZwedp3/view?usp=drive_link,https://drive.google.com/file/d/1HGtwQRdTbTrsAReVk1PFwxapvdZwedp3/preview
20260324-7396-VIG-00811-24-03-2026-uesvallecartago.pdf,1AqCOT_oeZTDPFrLQLd_MJ6i4-6cAJuzn,https://drive.google.com/file/d/1AqCOT_oeZTDPFrLQLd_MJ6i4-6cAJuzn/view?usp=drive_link,https://drive.google.com/file/d/1AqCOT_oeZTDPFrLQLd_MJ6i4-6cAJuzn/preview
20260324-7357-VIG-00807-24-03-2026-uesvallecartago.pdf,1QJVcIE3lgGgcPduU1cG87GPoEo75R1v3,https://drive.google.com/file/d/1QJVcIE3lgGgcPduU1cG87GPoEo75R1v3/view?usp=drive_link,https://drive.google.com/file/d/1QJVcIE3lgGgcPduU1cG87GPoEo75R1v3/preview
20260324-7356-VIG-00520-24-03-2026-uesvallecartago.pdf,1BVG9KgQ-PWORI-44TMxqwE-ai5HlreFE,https://drive.google.com/file/d/1BVG9KgQ-PWORI-44TMxqwE-ai5HlreFE/view?usp=drive_link,https://drive.google.com/file/d/1BVG9KgQ-PWORI-44TMxqwE-ai5HlreFE/preview
20260324-7363-VIG-00528-24-03-2026-uesvallecartago.pdf,1KG7ZXjXyFwvp0s8tabd42wwGJMjUAzrD,https://drive.google.com/file/d/1KG7ZXjXyFwvp0s8tabd42wwGJMjUAzrD/view?usp=drive_link,https://drive.google.com/file/d/1KG7ZXjXyFwvp0s8tabd42wwGJMjUAzrD/preview
20260324-7352-VIG-00518-24-03-2026-uesvallecartago.pdf,1o93q23tfEQJHD4UO-_eF6P-Ou0Yf0oH0,https://drive.google.com/file/d/1o93q23tfEQJHD4UO-_eF6P-Ou0Yf0oH0/view?usp=drive_link,https://drive.google.com/file/d/1o93q23tfEQJHD4UO-_eF6P-Ou0Yf0oH0/preview
20260324-7362-VIG-00809-24-03-2026-uesvallecartago.pdf,1YrOxWMd7TEvEyTa_1QjfWy3WDp8Hf-IX,https://drive.google.com/file/d/1YrOxWMd7TEvEyTa_1QjfWy3WDp8Hf-IX/view?usp=drive_link,https://drive.google.com/file/d/1YrOxWMd7TEvEyTa_1QjfWy3WDp8Hf-IX/preview
20260324-7353-VIG-00806-24-03-2026-uesvallecartago.pdf,10Fc0TWgbWOR-GLpQAOFxgY3R2jNJEwZx,https://drive.google.com/file/d/10Fc0TWgbWOR-GLpQAOFxgY3R2jNJEwZx/view?usp=drive_link,https://drive.google.com/file/d/10Fc0TWgbWOR-GLpQAOFxgY3R2jNJEwZx/preview
20260324-7358-VIG-00808-24-03-2026-uesvallecartago.pdf,1_x3SWbC-Oahme4kok9FZ-rO5sSz4B1bB,https://drive.google.com/file/d/1_x3SWbC-Oahme4kok9FZ-rO5sSz4B1bB/view?usp=drive_link,https://drive.google.com/file/d/1_x3SWbC-Oahme4kok9FZ-rO5sSz4B1bB/preview
20260324-7354-VIG-00519-24-03-2026-uesvallecartago.pdf,1xN0lYlF2n-P-ic9g422cvTiDxpEFzbx8,https://drive.google.com/file/d/1xN0lYlF2n-P-ic9g422cvTiDxpEFzbx8/view?usp=drive_link,https://drive.google.com/file/d/1xN0lYlF2n-P-ic9g422cvTiDxpEFzbx8/preview
20260324-7360-VIG-00521-24-03-2026-uesvallecartago.pdf,1vdNNCTw9zzQraikWsQ4lDZT_eo83gKnM,https://drive.google.com/file/d/1vdNNCTw9zzQraikWsQ4lDZT_eo83gKnM/view?usp=drive_link,https://drive.google.com/file/d/1vdNNCTw9zzQraikWsQ4lDZT_eo83gKnM/preview
20260324-7367-VIG-00810-24-03-2026-uesvallecartago.pdf,1PbAZV4CH7BqVImQPdOtys0bJwlaPgZQ5,https://drive.google.com/file/d/1PbAZV4CH7BqVImQPdOtys0bJwlaPgZQ5/view?usp=drive_link,https://drive.google.com/file/d/1PbAZV4CH7BqVImQPdOtys0bJwlaPgZQ5/preview
20260325-7426-VIG-00531-25-03-2026-uesvallecartago.pdf,1Ls-HDeKzSYPOnGr4z3msgptYWlF83R6p,https://drive.google.com/file/d/1Ls-HDeKzSYPOnGr4z3msgptYWlF83R6p/view?usp=drive_link,https://drive.google.com/file/d/1Ls-HDeKzSYPOnGr4z3msgptYWlF83R6p/preview
20260325-7429-VIG-00533-25-03-2026-uesvallecartago.pdf,1zaNlzvZY0pK3JllgWEF8cBt2LLbrU-Gb,https://drive.google.com/file/d/1zaNlzvZY0pK3JllgWEF8cBt2LLbrU-Gb/view?usp=drive_link,https://drive.google.com/file/d/1zaNlzvZY0pK3JllgWEF8cBt2LLbrU-Gb/preview
20260325-7433-VIG-00529-25-03-2026-uesvallecartago.pdf,1-F9KIMY29YNZL3cDz7TR3CtQJ4_WRAOZ,https://drive.google.com/file/d/1-F9KIMY29YNZL3cDz7TR3CtQJ4_WRAOZ/view?usp=drive_link,https://drive.google.com/file/d/1-F9KIMY29YNZL3cDz7TR3CtQJ4_WRAOZ/preview
20260325-7432-VIG-00530-25-03-2026-uesvallecartago.pdf,1Nq1q7xHTIv5cEuqx3rqno68v8W6ZSxHd,https://drive.google.com/file/d/1Nq1q7xHTIv5cEuqx3rqno68v8W6ZSxHd/view?usp=drive_link,https://drive.google.com/file/d/1Nq1q7xHTIv5cEuqx3rqno68v8W6ZSxHd/preview
20260325-7427-VIG-00532-25-03-2026-uesvallecartago.pdf,1r_DOl_L8yOP5prIK5J7mEWuRRmVVHzqv,https://drive.google.com/file/d/1r_DOl_L8yOP5prIK5J7mEWuRRmVVHzqv/view?usp=drive_link,https://drive.google.com/file/d/1r_DOl_L8yOP5prIK5J7mEWuRRmVVHzqv/preview
20260406-7525-MR-0011-06-04-2026-uesvallecartago.pdf,1v9QupyZiPWBWtTu9Lc8PiLWHuxc-qIJU,https://drive.google.com/file/d/1v9QupyZiPWBWtTu9Lc8PiLWHuxc-qIJU/view?usp=drive_link,https://drive.google.com/file/d/1v9QupyZiPWBWtTu9Lc8PiLWHuxc-qIJU/preview
20260406-7491-MR-0012-06-04-2026-uesvallecartago.pdf,1hewkks4T4s3jABI04ySUb4MfB_1JkjJK,https://drive.google.com/file/d/1hewkks4T4s3jABI04ySUb4MfB_1JkjJK/view?usp=drive_link,https://drive.google.com/file/d/1hewkks4T4s3jABI04ySUb4MfB_1JkjJK/preview
20260406-7486-MR-0001-06-04-2026-uesvallecartago.pdf,1VV9CjxaNYXmUn0ANiWmbKEVmbirNxj3b,https://drive.google.com/file/d/1VV9CjxaNYXmUn0ANiWmbKEVmbirNxj3b/view?usp=drive_link,https://drive.google.com/file/d/1VV9CjxaNYXmUn0ANiWmbKEVmbirNxj3b/preview
20260406-7533-MR-0013-06-04-2026-uesvallecartago.pdf,1GT33JPqKqaoggdynTrIrZ-uGkfQKnH_5,https://drive.google.com/file/d/1GT33JPqKqaoggdynTrIrZ-uGkfQKnH_5/view?usp=drive_link,https://drive.google.com/file/d/1GT33JPqKqaoggdynTrIrZ-uGkfQKnH_5/preview
20260406-7483-MR-0024-06-04-2026-uesvallecartago.pdf,1fDefOCEEmt1JTKaEuMctycA6wMdwsGwL,https://drive.google.com/file/d/1fDefOCEEmt1JTKaEuMctycA6wMdwsGwL/view?usp=drive_link,https://drive.google.com/file/d/1fDefOCEEmt1JTKaEuMctycA6wMdwsGwL/preview
20260406-7502-MR-0027-06-04-2026-uesvallecartago.pdf,1hbgTGN2rqRVjZ4fyXv022GBAU1uU0Eh3,https://drive.google.com/file/d/1hbgTGN2rqRVjZ4fyXv022GBAU1uU0Eh3/view?usp=drive_link,https://drive.google.com/file/d/1hbgTGN2rqRVjZ4fyXv022GBAU1uU0Eh3/preview
20260407-7572-VIG-00538-07-04-2026-uesvallecartago.pdf,17RHFoVXspZ6v79HvqZPCrl0gKvqte5GU,https://drive.google.com/file/d/17RHFoVXspZ6v79HvqZPCrl0gKvqte5GU/view?usp=drive_link,https://drive.google.com/file/d/17RHFoVXspZ6v79HvqZPCrl0gKvqte5GU/preview
20260407-7569-VIG-00815-07-04-2026-uesvallecartago.pdf,1lakebHQWgvV7CkA2WE_Al6IrQBpqkydf,https://drive.google.com/file/d/1lakebHQWgvV7CkA2WE_Al6IrQBpqkydf/view?usp=drive_link,https://drive.google.com/file/d/1lakebHQWgvV7CkA2WE_Al6IrQBpqkydf/preview
20260407-7574-VIG-00814-07-04-2026-uesvallecartago.pdf,1chb4HUJTKN7sluXtw-NXYwmLj6cFRBFh,https://drive.google.com/file/d/1chb4HUJTKN7sluXtw-NXYwmLj6cFRBFh/view?usp=drive_link,https://drive.google.com/file/d/1chb4HUJTKN7sluXtw-NXYwmLj6cFRBFh/preview
20260407-7538-VIG-00536-07-04-2026-uesvallecartago.pdf,1_SKqROmoT5cyHR6L9kAfSvz9TA4G4bJZ,https://drive.google.com/file/d/1_SKqROmoT5cyHR6L9kAfSvz9TA4G4bJZ/view?usp=drive_link,https://drive.google.com/file/d/1_SKqROmoT5cyHR6L9kAfSvz9TA4G4bJZ/preview
20260407-7568-VIG-00537-07-04-2026-uesvallecartago.pdf,10Ha0mBf6hfv4KwOmxcylvcROXFFalaO4,https://drive.google.com/file/d/10Ha0mBf6hfv4KwOmxcylvcROXFFalaO4/view?usp=drive_link,https://drive.google.com/file/d/10Ha0mBf6hfv4KwOmxcylvcROXFFalaO4/preview
20260407-7573-VIG-00539-07-04-2026-uesvallecartago.pdf,1TzrViWqoVZ5W2VQOSQEuFK17-Ld8xGw4,https://drive.google.com/file/d/1TzrViWqoVZ5W2VQOSQEuFK17-Ld8xGw4/view?usp=drive_link,https://drive.google.com/file/d/1TzrViWqoVZ5W2VQOSQEuFK17-Ld8xGw4/preview
20260407-7537-VIG-00812-07-04-2026-uesvallecartago.pdf,1NlyDqWtse7iP-m5X7COSkIkuYdjIfVsz,https://drive.google.com/file/d/1NlyDqWtse7iP-m5X7COSkIkuYdjIfVsz/view?usp=drive_link,https://drive.google.com/file/d/1NlyDqWtse7iP-m5X7COSkIkuYdjIfVsz/preview
20260407-7539-VIG-00813-07-04-2026-uesvallecartago.pdf,1oI0-FM5ny2x_y23H6PyjLCa9I2-Lhxxt,https://drive.google.com/file/d/1oI0-FM5ny2x_y23H6PyjLCa9I2-Lhxxt/view?usp=drive_link,https://drive.google.com/file/d/1oI0-FM5ny2x_y23H6PyjLCa9I2-Lhxxt/preview
20260408-7591-VIG-00547-08-04-2026-uesvallecartago.pdf,1rB3AMjjBLDO9bdCPQQK623Yo0UMLbP_Q,https://drive.google.com/file/d/1rB3AMjjBLDO9bdCPQQK623Yo0UMLbP_Q/view?usp=drive_link,https://drive.google.com/file/d/1rB3AMjjBLDO9bdCPQQK623Yo0UMLbP_Q/preview
20260408-7592-VIG-00546-08-04-2026-uesvallecartago.pdf,1qBvvlBZjyS38zZiAKgs18FuWwWfxIaYA,https://drive.google.com/file/d/1qBvvlBZjyS38zZiAKgs18FuWwWfxIaYA/view?usp=drive_link,https://drive.google.com/file/d/1qBvvlBZjyS38zZiAKgs18FuWwWfxIaYA/preview
20260408-7593-VIG-00548-08-04-2026-uesvallecartago.pdf,1R-F-cZ6iZF3vQwFydaab8BBwdLcm9-tk,https://drive.google.com/file/d/1R-F-cZ6iZF3vQwFydaab8BBwdLcm9-tk/view?usp=drive_link,https://drive.google.com/file/d/1R-F-cZ6iZF3vQwFydaab8BBwdLcm9-tk/preview
20260408-7588-VIG-00541-08-04-2026-uesvallecartago.pdf,1YmSUIafY9fwFlvaSYm7csZgxQ1g94pQk,https://drive.google.com/file/d/1YmSUIafY9fwFlvaSYm7csZgxQ1g94pQk/view?usp=drive_link,https://drive.google.com/file/d/1YmSUIafY9fwFlvaSYm7csZgxQ1g94pQk/preview
20260408-7590-VIG-00544-08-04-2026-uesvallecartago.pdf,1_edKQY230UFBfxFUMRi6W088D3Lz5iHe,https://drive.google.com/file/d/1_edKQY230UFBfxFUMRi6W088D3Lz5iHe/view?usp=drive_link,https://drive.google.com/file/d/1_edKQY230UFBfxFUMRi6W088D3Lz5iHe/preview
20260408-7589-VIG-00542-08-04-2026-uesvallecartago.pdf,1tKIPWa6qSbpBUrRDO31pfL7RjVWEKGVN,https://drive.google.com/file/d/1tKIPWa6qSbpBUrRDO31pfL7RjVWEKGVN/view?usp=drive_link,https://drive.google.com/file/d/1tKIPWa6qSbpBUrRDO31pfL7RjVWEKGVN/preview
20260408-7587-VIG-00540-08-04-2026-uesvallecartago.pdf,1LbOaJngFaIouI2Tr6zq-bISc3R7gBV-5,https://drive.google.com/file/d/1LbOaJngFaIouI2Tr6zq-bISc3R7gBV-5/view?usp=drive_link,https://drive.google.com/file/d/1LbOaJngFaIouI2Tr6zq-bISc3R7gBV-5/preview
20260413-7640-DSAN-00598-13-04-2026-uesvallecartago.pdf,1jqgD4VW4epBZa72FWqpBVjflH1VEOAQv,https://drive.google.com/file/d/1jqgD4VW4epBZa72FWqpBVjflH1VEOAQv/view?usp=drive_link,https://drive.google.com/file/d/1jqgD4VW4epBZa72FWqpBVjflH1VEOAQv/preview
20260414-7695-VIG-00551-14-04-2026-uesvallecartago.pdf,1Sccww12cLQ2VVFvWpej1o88cOwktMFfb,https://drive.google.com/file/d/1Sccww12cLQ2VVFvWpej1o88cOwktMFfb/view?usp=drive_link,https://drive.google.com/file/d/1Sccww12cLQ2VVFvWpej1o88cOwktMFfb/preview
20260414-7689-VIG-00823-14-04-2026-uesvallecartago.pdf,1eVjYrOiRwNkFuHncJG4qK0kczvZWS_JD,https://drive.google.com/file/d/1eVjYrOiRwNkFuHncJG4qK0kczvZWS_JD/view?usp=drive_link,https://drive.google.com/file/d/1eVjYrOiRwNkFuHncJG4qK0kczvZWS_JD/preview
20260414-7688-VIG-00822-14-04-2026-uesvallecartago.pdf,1mcECN0oaQb5RL_2xHivO98urgLfq6oah,https://drive.google.com/file/d/1mcECN0oaQb5RL_2xHivO98urgLfq6oah/view?usp=drive_link,https://drive.google.com/file/d/1mcECN0oaQb5RL_2xHivO98urgLfq6oah/preview
20260414-7698-VIG-00554-14-04-2026-uesvallecartago.pdf,1PmN3DJ99Eedd2tmtU9W63nl_MElcxq1a,https://drive.google.com/file/d/1PmN3DJ99Eedd2tmtU9W63nl_MElcxq1a/view?usp=drive_link,https://drive.google.com/file/d/1PmN3DJ99Eedd2tmtU9W63nl_MElcxq1a/preview
20260414-7690-VIG-00818-14-04-2026-uesvallecartago.pdf,1peR1DDsCYUxgGxxSufAjdThbDam-asWj,https://drive.google.com/file/d/1peR1DDsCYUxgGxxSufAjdThbDam-asWj/view?usp=drive_link,https://drive.google.com/file/d/1peR1DDsCYUxgGxxSufAjdThbDam-asWj/preview
20260414-7691-VIG-00819-14-04-2026-uesvallecartago.pdf,1wVDzJjr5ql0hve7sy1DNN8QimHIPHfk8,https://drive.google.com/file/d/1wVDzJjr5ql0hve7sy1DNN8QimHIPHfk8/view?usp=drive_link,https://drive.google.com/file/d/1wVDzJjr5ql0hve7sy1DNN8QimHIPHfk8/preview
20260414-7694-VIG-00824-14-04-2026-uesvallecartago.pdf,1aFnvngN3rgEKT5C9cGg0eChUbfQxg5Uy,https://drive.google.com/file/d/1aFnvngN3rgEKT5C9cGg0eChUbfQxg5Uy/view?usp=drive_link,https://drive.google.com/file/d/1aFnvngN3rgEKT5C9cGg0eChUbfQxg5Uy/preview
20260414-7697-VIG-00553-14-04-2026-uesvallecartago.pdf,11bLkhsiQ_jWmqOW5yxsLxlScHYvvO0UO,https://drive.google.com/file/d/11bLkhsiQ_jWmqOW5yxsLxlScHYvvO0UO/view?usp=drive_link,https://drive.google.com/file/d/11bLkhsiQ_jWmqOW5yxsLxlScHYvvO0UO/preview
20260414-7692-VIG-00820-14-04-2026-uesvallecartago.pdf,1pUqv8AM9J_I9oAHEA8Y57V2Bsceu6xTD,https://drive.google.com/file/d/1pUqv8AM9J_I9oAHEA8Y57V2Bsceu6xTD/view?usp=drive_link,https://drive.google.com/file/d/1pUqv8AM9J_I9oAHEA8Y57V2Bsceu6xTD/preview
20260414-7693-VIG-00821-14-04-2026-uesvallecartago.pdf,1l1cFiLh3xujn_vRk0P8DF1EX8v-WLs0o,https://drive.google.com/file/d/1l1cFiLh3xujn_vRk0P8DF1EX8v-WLs0o/view?usp=drive_link,https://drive.google.com/file/d/1l1cFiLh3xujn_vRk0P8DF1EX8v-WLs0o/preview
20260414-7696-VIG-00552-14-04-2026-uesvallecartago.pdf,1N_2hJvJA-cro0XLc_MpIwRi8hNHHRdHV,https://drive.google.com/file/d/1N_2hJvJA-cro0XLc_MpIwRi8hNHHRdHV/view?usp=drive_link,https://drive.google.com/file/d/1N_2hJvJA-cro0XLc_MpIwRi8hNHHRdHV/preview
20260420-7783-VIG-00555-20-04-2026-uesvallecartago.pdf,1teDJ8GJLjQ-0Bk5Lyl5ShtgjQdHwaHX2,https://drive.google.com/file/d/1teDJ8GJLjQ-0Bk5Lyl5ShtgjQdHwaHX2/view?usp=drive_link,https://drive.google.com/file/d/1teDJ8GJLjQ-0Bk5Lyl5ShtgjQdHwaHX2/preview
20260420-7778-VIG-00826-20-04-2026-uesvallecartago.pdf,1dbn6gndW_4apkdInSWh22wiZ1sWeHwYw,https://drive.google.com/file/d/1dbn6gndW_4apkdInSWh22wiZ1sWeHwYw/view?usp=drive_link,https://drive.google.com/file/d/1dbn6gndW_4apkdInSWh22wiZ1sWeHwYw/preview
20260420-7779-VIG-00827-20-04-2026-uesvallecartago.pdf,1WBkWJxAL480N5ZpRHo5xZ-19WdNRHDGz,https://drive.google.com/file/d/1WBkWJxAL480N5ZpRHo5xZ-19WdNRHDGz/view?usp=drive_link,https://drive.google.com/file/d/1WBkWJxAL480N5ZpRHo5xZ-19WdNRHDGz/preview
20260420-7777-VIG-00825-20-04-2026-uesvallecartago.pdf,1zucJgiJ19-md8Z_YCjL8zqXlQtO4Y6eG,https://drive.google.com/file/d/1zucJgiJ19-md8Z_YCjL8zqXlQtO4Y6eG/view?usp=drive_link,https://drive.google.com/file/d/1zucJgiJ19-md8Z_YCjL8zqXlQtO4Y6eG/preview
20260420-7781-VIG-00556-20-04-2026-uesvallecartago.pdf,1lKdNfpSX5D85KT4C4r-89hCJdPEPEHWo,https://drive.google.com/file/d/1lKdNfpSX5D85KT4C4r-89hCJdPEPEHWo/view?usp=drive_link,https://drive.google.com/file/d/1lKdNfpSX5D85KT4C4r-89hCJdPEPEHWo/preview
20260422-7894-VIG-00558-22-04-2026-uesvallecartago.pdf,1yLXQdgrlKQ9YN2xF2xe2C-zdH6QIz8F0,https://drive.google.com/file/d/1yLXQdgrlKQ9YN2xF2xe2C-zdH6QIz8F0/view?usp=drive_link,https://drive.google.com/file/d/1yLXQdgrlKQ9YN2xF2xe2C-zdH6QIz8F0/preview
20260422-7910-VIG-00561-22-04-2026-uesvallecartago.pdf,1MDhJDT0IdH5GdcKam24A7HdsdlaQO8xk,https://drive.google.com/file/d/1MDhJDT0IdH5GdcKam24A7HdsdlaQO8xk/view?usp=drive_link,https://drive.google.com/file/d/1MDhJDT0IdH5GdcKam24A7HdsdlaQO8xk/preview
20260422-7891-VIG-00557-22-04-2026-uesvallecartago.pdf,1fTNxGHHH9vba7Ep4dw1i18k72gwF4Qq5,https://drive.google.com/file/d/1fTNxGHHH9vba7Ep4dw1i18k72gwF4Qq5/view?usp=drive_link,https://drive.google.com/file/d/1fTNxGHHH9vba7Ep4dw1i18k72gwF4Qq5/preview
20260422-7890-VIG-00560-22-04-2026-uesvallecartago.pdf,1cRTYaMEyZ5VSP9GlduTU15NKOLNSfnAr,https://drive.google.com/file/d/1cRTYaMEyZ5VSP9GlduTU15NKOLNSfnAr/view?usp=drive_link,https://drive.google.com/file/d/1cRTYaMEyZ5VSP9GlduTU15NKOLNSfnAr/preview
20260422-7889-VIG-00559-22-04-2026-uesvallecartago.pdf,1FRP_T0yFOA7GRgahix9A6ne8S-ccqLgg,https://drive.google.com/file/d/1FRP_T0yFOA7GRgahix9A6ne8S-ccqLgg/view?usp=drive_link,https://drive.google.com/file/d/1FRP_T0yFOA7GRgahix9A6ne8S-ccqLgg/preview
20260427-7933-VIG-00829-27-04-2026-uesvallecartago.pdf,1QfNfqAfReqJpkJEaZ29UCuNOgIAVP_z9,https://drive.google.com/file/d/1QfNfqAfReqJpkJEaZ29UCuNOgIAVP_z9/view?usp=drive_link,https://drive.google.com/file/d/1QfNfqAfReqJpkJEaZ29UCuNOgIAVP_z9/preview
20260427-7932-VIG-00828-27-04-2026-uesvallecartago.pdf,13hz4oOH4hoCgFMrZBpSGo9mE812mgSbH,https://drive.google.com/file/d/13hz4oOH4hoCgFMrZBpSGo9mE812mgSbH/view?usp=drive_link,https://drive.google.com/file/d/13hz4oOH4hoCgFMrZBpSGo9mE812mgSbH/preview
20260427-7935-VIG-00562-27-04-2026-uesvallecartago.pdf,1pcnHCopnSOyaXWPoCZgq_J1rfgmW3br8,https://drive.google.com/file/d/1pcnHCopnSOyaXWPoCZgq_J1rfgmW3br8/view?usp=drive_link,https://drive.google.com/file/d/1pcnHCopnSOyaXWPoCZgq_J1rfgmW3br8/preview
20260427-7941-VIG-00563-27-04-2026-uesvallecartago.pdf,19TrKqBB8oTcSaHKEo9xB75y2us-85kHG,https://drive.google.com/file/d/19TrKqBB8oTcSaHKEo9xB75y2us-85kHG/view?usp=drive_link,https://drive.google.com/file/d/19TrKqBB8oTcSaHKEo9xB75y2us-85kHG/preview
20260427-7934-VIG-00830-27-04-2026-uesvallecartago.pdf,1tM7zr48sLeurWAEtpb_R6_c481jX2utu,https://drive.google.com/file/d/1tM7zr48sLeurWAEtpb_R6_c481jX2utu/view?usp=drive_link,https://drive.google.com/file/d/1tM7zr48sLeurWAEtpb_R6_c481jX2utu/preview
20260428-7978-VIG-00833-28-04-2026-uesvallecartago.pdf,1Ru2vbRGeJXxw5gXikucY3kJ5j8X6h9sY,https://drive.google.com/file/d/1Ru2vbRGeJXxw5gXikucY3kJ5j8X6h9sY/view?usp=drive_link,https://drive.google.com/file/d/1Ru2vbRGeJXxw5gXikucY3kJ5j8X6h9sY/preview
20260428-7976-VIG-00831-28-04-2026-uesvallecartago.pdf,1zybxsmKnncGVpGALhbpD22zAjiRy3SwT,https://drive.google.com/file/d/1zybxsmKnncGVpGALhbpD22zAjiRy3SwT/view?usp=drive_link,https://drive.google.com/file/d/1zybxsmKnncGVpGALhbpD22zAjiRy3SwT/preview
20260428-7977-VIG-00832-28-04-2026-uesvallecartago.pdf,1eDichQ7Q9jM_7-dE6eUZBYuxP3LLRR_C,https://drive.google.com/file/d/1eDichQ7Q9jM_7-dE6eUZBYuxP3LLRR_C/view?usp=drive_link,https://drive.google.com/file/d/1eDichQ7Q9jM_7-dE6eUZBYuxP3LLRR_C/preview
20260504-8049-VIG-00567-04-05-2026-uesvallecartago.pdf,1beetCp4IzX35ZIHUO-xa-kRmDZyilEHZ,https://drive.google.com/file/d/1beetCp4IzX35ZIHUO-xa-kRmDZyilEHZ/view?usp=drive_link,https://drive.google.com/file/d/1beetCp4IzX35ZIHUO-xa-kRmDZyilEHZ/preview
20260504-8048-VIG-00566-04-05-2026-uesvallecartago.pdf,1YOuh4b5GnwHVfJHuEF9ARvJnIj-lB6dR,https://drive.google.com/file/d/1YOuh4b5GnwHVfJHuEF9ARvJnIj-lB6dR/view?usp=drive_link,https://drive.google.com/file/d/1YOuh4b5GnwHVfJHuEF9ARvJnIj-lB6dR/preview
20260504-8054-VIG-00570-04-05-2026-uesvallecartago.pdf,1E3WlTt3muNcrc7wzIOPX80IY_TUTczk4,https://drive.google.com/file/d/1E3WlTt3muNcrc7wzIOPX80IY_TUTczk4/view?usp=drive_link,https://drive.google.com/file/d/1E3WlTt3muNcrc7wzIOPX80IY_TUTczk4/preview
20260504-8047-VIG-00565-04-05-2026-uesvallecartago.pdf,13nCB8OeW6GNA4iGLTrOun9QwfQinG_Ez,https://drive.google.com/file/d/13nCB8OeW6GNA4iGLTrOun9QwfQinG_Ez/view?usp=drive_link,https://drive.google.com/file/d/13nCB8OeW6GNA4iGLTrOun9QwfQinG_Ez/preview
20260504-8053-VIG-00569-04-05-2026-uesvallecartago.pdf,1sV3WikMUZuvt50w7IhEbQlYnTQKDU5L5,https://drive.google.com/file/d/1sV3WikMUZuvt50w7IhEbQlYnTQKDU5L5/view?usp=drive_link,https://drive.google.com/file/d/1sV3WikMUZuvt50w7IhEbQlYnTQKDU5L5/preview
20260504-8046-VIG-00564-04-05-2026-uesvallecartago.pdf,1RGpt-S7b6ZaYNlqBLOQ8PYJoWc18jYfu,https://drive.google.com/file/d/1RGpt-S7b6ZaYNlqBLOQ8PYJoWc18jYfu/view?usp=drive_link,https://drive.google.com/file/d/1RGpt-S7b6ZaYNlqBLOQ8PYJoWc18jYfu/preview
20260504-8052-VIG-00568-04-05-2026-uesvallecartago.pdf,17ln5NeidhgLl3FGHTp_0rjQw4Ac8M8fF,https://drive.google.com/file/d/17ln5NeidhgLl3FGHTp_0rjQw4Ac8M8fF/view?usp=drive_link,https://drive.google.com/file/d/17ln5NeidhgLl3FGHTp_0rjQw4Ac8M8fF/preview
20260505-8111-VIG-00571-05-05-2026-uesvallecartago.pdf,1r1qnlPj4FeatnRlWCl5AfLQuOOPxC1cF,https://drive.google.com/file/d/1r1qnlPj4FeatnRlWCl5AfLQuOOPxC1cF/view?usp=drive_link,https://drive.google.com/file/d/1r1qnlPj4FeatnRlWCl5AfLQuOOPxC1cF/preview
20260505-8115-VIG-00574-05-05-2026-uesvallecartago.pdf,1HAwKlyJbedigD1-sogVfdkkBGvJjuZIK,https://drive.google.com/file/d/1HAwKlyJbedigD1-sogVfdkkBGvJjuZIK/view?usp=drive_link,https://drive.google.com/file/d/1HAwKlyJbedigD1-sogVfdkkBGvJjuZIK/preview
20260505-8149-VIG-00836-05-05-2026-uesvallecartago.pdf,1zQIx8oV4EcGRXfB93O8rcAbpy21-I6fX,https://drive.google.com/file/d/1zQIx8oV4EcGRXfB93O8rcAbpy21-I6fX/view?usp=drive_link,https://drive.google.com/file/d/1zQIx8oV4EcGRXfB93O8rcAbpy21-I6fX/preview
20260505-8114-VIG-00573-05-05-2026-uesvallecartago.pdf,1YU8F8_MTxUargXRtQWKW6FgH9zQ-Knv7,https://drive.google.com/file/d/1YU8F8_MTxUargXRtQWKW6FgH9zQ-Knv7/view?usp=drive_link,https://drive.google.com/file/d/1YU8F8_MTxUargXRtQWKW6FgH9zQ-Knv7/preview
20260505-8153-VIG-00837-05-05-2026-uesvallecartago.pdf,1XAnhCmqYrP383ZLwZoAto7cVrJHgCmGG,https://drive.google.com/file/d/1XAnhCmqYrP383ZLwZoAto7cVrJHgCmGG/view?usp=drive_link,https://drive.google.com/file/d/1XAnhCmqYrP383ZLwZoAto7cVrJHgCmGG/preview
20260505-8116-VIG-00834-05-05-2026-uesvallecartago.pdf,1VCd6dt5PVNHKYaKGJYVPaYqSbyuzNZal,https://drive.google.com/file/d/1VCd6dt5PVNHKYaKGJYVPaYqSbyuzNZal/view?usp=drive_link,https://drive.google.com/file/d/1VCd6dt5PVNHKYaKGJYVPaYqSbyuzNZal/preview
20260505-8118-VIG-00835-05-05-2026-uesvallecartago.pdf,19diLeFzzCQKPqxJGZjSa7OqhgPAFiYJR,https://drive.google.com/file/d/19diLeFzzCQKPqxJGZjSa7OqhgPAFiYJR/view?usp=drive_link,https://drive.google.com/file/d/19diLeFzzCQKPqxJGZjSa7OqhgPAFiYJR/preview
20260505-8112-VIG-00572-05-05-2026-uesvallecartago.pdf,1pBcYHg2JZDDEqRfsoOjHZZaZdrN126VU,https://drive.google.com/file/d/1pBcYHg2JZDDEqRfsoOjHZZaZdrN126VU/view?usp=drive_link,https://drive.google.com/file/d/1pBcYHg2JZDDEqRfsoOjHZZaZdrN126VU/preview
20260506-8167-VIG-00839-06-05-2026-uesvallecartago.pdf,1nzp2meAjWWty5svkHL8zirZJOm7OXear,https://drive.google.com/file/d/1nzp2meAjWWty5svkHL8zirZJOm7OXear/view?usp=drive_link,https://drive.google.com/file/d/1nzp2meAjWWty5svkHL8zirZJOm7OXear/preview
20260506-8168-VIG-00840-06-05-2026-uesvallecartago.pdf,1YQKb5LfWNegbt1j_8llgfyX8bX0Lp0fp,https://drive.google.com/file/d/1YQKb5LfWNegbt1j_8llgfyX8bX0Lp0fp/view?usp=drive_link,https://drive.google.com/file/d/1YQKb5LfWNegbt1j_8llgfyX8bX0Lp0fp/preview
20260506-8184-VIG-00576-06-05-2026-uesvallecartago.pdf,1hmdDYtmPjyD6pnlQmVjcVYhLlQdrWlWy,https://drive.google.com/file/d/1hmdDYtmPjyD6pnlQmVjcVYhLlQdrWlWy/view?usp=drive_link,https://drive.google.com/file/d/1hmdDYtmPjyD6pnlQmVjcVYhLlQdrWlWy/preview
20260506-8170-VIG-00842-06-05-2026-uesvallecartago.pdf,1RUP4ujtU-1UWWr3ZM9oYi67X8EREJJ9q,https://drive.google.com/file/d/1RUP4ujtU-1UWWr3ZM9oYi67X8EREJJ9q/view?usp=drive_link,https://drive.google.com/file/d/1RUP4ujtU-1UWWr3ZM9oYi67X8EREJJ9q/preview
20260506-8166-VIG-00838-06-05-2026-uesvallecartago.pdf,1irKSM4GUl5C1wYiJBIM6ugZeHzuf1pHe,https://drive.google.com/file/d/1irKSM4GUl5C1wYiJBIM6ugZeHzuf1pHe/view?usp=drive_link,https://drive.google.com/file/d/1irKSM4GUl5C1wYiJBIM6ugZeHzuf1pHe/preview
20260506-8171-VIG-00843-06-05-2026-uesvallecartago.pdf,1jHO6ke8eW7F696XzXX8t-bBa1ytBeDQF,https://drive.google.com/file/d/1jHO6ke8eW7F696XzXX8t-bBa1ytBeDQF/view?usp=drive_link,https://drive.google.com/file/d/1jHO6ke8eW7F696XzXX8t-bBa1ytBeDQF/preview
20260506-8169-VIG-00841-06-05-2026-uesvallecartago.pdf,1jgIdhLlilr1ID3EpcYUeSyeVUmGLIYlT,https://drive.google.com/file/d/1jgIdhLlilr1ID3EpcYUeSyeVUmGLIYlT/view?usp=drive_link,https://drive.google.com/file/d/1jgIdhLlilr1ID3EpcYUeSyeVUmGLIYlT/preview
20260506-8177-VIG-00577-06-05-2026-uesvallecartago.pdf,1LTtlwB50ficW0n2UyTTZbj_OaQCpvfVO,https://drive.google.com/file/d/1LTtlwB50ficW0n2UyTTZbj_OaQCpvfVO/view?usp=drive_link,https://drive.google.com/file/d/1LTtlwB50ficW0n2UyTTZbj_OaQCpvfVO/preview
20260506-8172-VIG-00844-06-05-2026-uesvallecartago.pdf,13iEc6Ml25Y0qkx9hF0zbTD7XlIxCLyqo,https://drive.google.com/file/d/13iEc6Ml25Y0qkx9hF0zbTD7XlIxCLyqo/view?usp=drive_link,https://drive.google.com/file/d/13iEc6Ml25Y0qkx9hF0zbTD7XlIxCLyqo/preview
20260506-8178-VIG-00578-06-05-2026-uesvallecartago.pdf,1EOjCpWuGAe4-a0GG4pe0a39YHgZO8FLd,https://drive.google.com/file/d/1EOjCpWuGAe4-a0GG4pe0a39YHgZO8FLd/view?usp=drive_link,https://drive.google.com/file/d/1EOjCpWuGAe4-a0GG4pe0a39YHgZO8FLd/preview
20260506-8182-VIG-00575-06-05-2026-uesvallecartago.pdf,1PrF60I-Z9iSuB7SAHB4PGt1El_9vhkT5,https://drive.google.com/file/d/1PrF60I-Z9iSuB7SAHB4PGt1El_9vhkT5/view?usp=drive_link,https://drive.google.com/file/d/1PrF60I-Z9iSuB7SAHB4PGt1El_9vhkT5/preview
20260511-8212-VIG-00582-11-05-2026-uesvallecartago.pdf,16WACVe9N4qHjXkuZzuGR08Z9RkyxmKFA,https://drive.google.com/file/d/16WACVe9N4qHjXkuZzuGR08Z9RkyxmKFA/view?usp=drive_link,https://drive.google.com/file/d/16WACVe9N4qHjXkuZzuGR08Z9RkyxmKFA/preview
20260511-8210-VIG-00581-11-05-2026-uesvallecartago.pdf,1h3DeehETEl53ubM9BD4MnniCXc08_WDt,https://drive.google.com/file/d/1h3DeehETEl53ubM9BD4MnniCXc08_WDt/view?usp=drive_link,https://drive.google.com/file/d/1h3DeehETEl53ubM9BD4MnniCXc08_WDt/preview
20260511-8209-VIG-00580-11-05-2026-uesvallecartago.pdf,1Nr3bi0Cph4Z4J2NRt682juYAS93mC54t,https://drive.google.com/file/d/1Nr3bi0Cph4Z4J2NRt682juYAS93mC54t/view?usp=drive_link,https://drive.google.com/file/d/1Nr3bi0Cph4Z4J2NRt682juYAS93mC54t/preview
20260511-8214-VIG-00583-11-05-2026-uesvallecartago.pdf,1bK2zpX_plLUKbHf26w8yBEreuW762nGY,https://drive.google.com/file/d/1bK2zpX_plLUKbHf26w8yBEreuW762nGY/view?usp=drive_link,https://drive.google.com/file/d/1bK2zpX_plLUKbHf26w8yBEreuW762nGY/preview
20260511-8207-VIG-00579-11-05-2026-uesvallecartago.pdf,1gIvYCfdRZxup0hDw1hxlkH9WjGvSkbMW,https://drive.google.com/file/d/1gIvYCfdRZxup0hDw1hxlkH9WjGvSkbMW/view?usp=drive_link,https://drive.google.com/file/d/1gIvYCfdRZxup0hDw1hxlkH9WjGvSkbMW/preview
20260512-8286-VIG-00589-12-05-2026-uesvallecartago.pdf,1Vzuvsb_MJaf2asjpNKnQP00jCwFh-xO9,https://drive.google.com/file/d/1Vzuvsb_MJaf2asjpNKnQP00jCwFh-xO9/view?usp=drive_link,https://drive.google.com/file/d/1Vzuvsb_MJaf2asjpNKnQP00jCwFh-xO9/preview
20260512-8307-VIG-00848-12-05-2026-uesvallecartago.pdf,1MWYATgSCueonIJz3EcIGgpWy8_esC8oK,https://drive.google.com/file/d/1MWYATgSCueonIJz3EcIGgpWy8_esC8oK/view?usp=drive_link,https://drive.google.com/file/d/1MWYATgSCueonIJz3EcIGgpWy8_esC8oK/preview
20260512-8306-VIG-00847-12-05-2026-uesvallecartago.pdf,1RlWKQgJUTJNtt6iLPOA9kYnE1WebJq2J,https://drive.google.com/file/d/1RlWKQgJUTJNtt6iLPOA9kYnE1WebJq2J/view?usp=drive_link,https://drive.google.com/file/d/1RlWKQgJUTJNtt6iLPOA9kYnE1WebJq2J/preview
20260512-8279-VIG-00584-12-05-2026-uesvallecartago.pdf,1zKK9J2HBD_t3UpWoTzUE-6D1T5nv9sQp,https://drive.google.com/file/d/1zKK9J2HBD_t3UpWoTzUE-6D1T5nv9sQp/view?usp=drive_link,https://drive.google.com/file/d/1zKK9J2HBD_t3UpWoTzUE-6D1T5nv9sQp/preview
20260512-8281-VIG-00586-12-05-2026-uesvallecartago.pdf,1WlSzJKpGjVFeC59c20mEX2Qm7xnvtv6V,https://drive.google.com/file/d/1WlSzJKpGjVFeC59c20mEX2Qm7xnvtv6V/view?usp=drive_link,https://drive.google.com/file/d/1WlSzJKpGjVFeC59c20mEX2Qm7xnvtv6V/preview
20260512-8283-VIG-00587-12-05-2026-uesvallecartago.pdf,1zKNnvhO97zivqvPTV8aMkjdS8FmlneLG,https://drive.google.com/file/d/1zKNnvhO97zivqvPTV8aMkjdS8FmlneLG/view?usp=drive_link,https://drive.google.com/file/d/1zKNnvhO97zivqvPTV8aMkjdS8FmlneLG/preview
20260512-8280-VIG-00585-12-05-2026-uesvallecartago.pdf,1SKw6WsbgDfQPEwHAqzHZXtAySmq9OkMv,https://drive.google.com/file/d/1SKw6WsbgDfQPEwHAqzHZXtAySmq9OkMv/view?usp=drive_link,https://drive.google.com/file/d/1SKw6WsbgDfQPEwHAqzHZXtAySmq9OkMv/preview
20260512-8294-VIG-00846-12-05-2026-uesvallecartago.pdf,1vgY66bBCTTB0ts7GUWPxWwGKs25LPob3,https://drive.google.com/file/d/1vgY66bBCTTB0ts7GUWPxWwGKs25LPob3/view?usp=drive_link,https://drive.google.com/file/d/1vgY66bBCTTB0ts7GUWPxWwGKs25LPob3/preview